sal_code,locality,postcodes,district,share
20001,Abbeyard,3737,"Ovens Valley",1.0000
20002,Abbotsford,3067,Richmond,1.0000
20003,Aberfeldie,3040,Niddrie,1.0000
20004,Aberfeldy,3825,Narracan,1.0000
20005,Acheron,3714,Eildon,1.0000
20006,Ada,3833,Narracan,1.0000
20007,"Adams Estate",3984,Bass,1.0000
20008,Addington,3352,Ripon,1.0000
20009,"Adelaide Lead",3465,Ripon,1.0000
20010,Agnes,3962,"Gippsland South",1.0000
20011,Aintree,3336,Kororoit,1.0000
20012,"Aire Valley",3237,Polwarth,1.0000
20013,"Aireys Inlet",3231,Polwarth,1.0000
20014,Airly,3851,"Gippsland East",1.0000
20015,"Airport West",3042,Niddrie,1.0000
20016,Albacutya,3424,Lowan,1.0000
20017,Albanvale,3021,Kororoit,1.0000
20018,"Albert Park",3206,"Albert Park",1.0000
20019,Alberton,3971,"Gippsland South",1.0000
20020,"Alberton West",3971,"Gippsland South",1.0000
20021,Albion,3020,Laverton,0.9993
20022,Alexandra,3714,Eildon,1.0000
20023,Alfredton,3350,Wendouree,1.0000
20024,Allambee,3823,Narracan,1.0000
20025,"Allambee Reserve",3871,Narracan,0.8132
20025,"Allambee Reserve",3871,"Gippsland South",0.1868
20026,"Allambee South",3871,"Gippsland South",1.0000
20027,"Allans Flat",3691,Benambra,1.0000
20028,Allansford,3277,"South-West Coast",1.0000
20029,Allendale,3364,Ripon,1.0000
20030,Allestree,3305,"South-West Coast",1.0000
20031,Alma,3465,Ripon,1.0000
20032,Almonds,3727,"Ovens Valley",1.0000
20033,Almurta,3979,Bass,1.0000
20034,Alphington,3078,Northcote,1.0000
20035,Altona,3018,Williamstown,1.0000
20036,"Altona Meadows",3028,"Point Cook",1.0000
20037,"Altona North",3025,Williamstown,1.0000
20038,Alvie,3249,Polwarth,1.0000
20039,Amherst,3371,Ripon,1.0000
20040,Amor,3825,Narracan,1.0000
20041,Amphitheatre,3468,Ripon,1.0000
20042,Anakie,3213,Lara,0.9077
20042,Anakie,3213,Eureka,0.0923
20043,Ancona,3715,Eildon,1.0000
20044,Anderson,3995,Bass,1.0000
20045,"Anglers Rest",3898,"Gippsland East",1.0000
20046,Anglesea,3230,Polwarth,1.0000
20047,Annuello,3549,Mildura,1.0000
20048,Antwerp,3414,Lowan,1.0000
20049,"Apollo Bay",3233,Polwarth,1.0000
20050,Appin,3579,"Murray Plains",1.0000
20051,"Appin South",3579,"Murray Plains",1.0000
20052,Apsley,3319,Lowan,1.0000
20053,Ararat,3377,Ripon,1.0000
20054,Arawata,3951,"Gippsland South",1.0000
20055,Arbuckle,3858,"Gippsland East",1.0000
20056,Arcadia,3631,Euroa,1.0000
20057,"Arcadia South",3631,Euroa,1.0000
20058,Archdale,3475,Ripon,1.0000
20059,"Archdale Junction",3475,Ripon,1.0000
20060,Archerton,3723,Euroa,0.5833
20060,Archerton,3723,"Ovens Valley",0.4167
20061,"Archies Creek",3995,Bass,1.0000
20062,Ardeer,3022,Laverton,0.6613
20062,Ardeer,3022,"St Albans",0.3387
20063,Ardmona,3629,Shepparton,1.0000
20064,Areegra,3480,Lowan,1.0000
20065,Argyle,3523,Euroa,1.0000
20066,Armadale,3143,Malvern,0.9794
20066,Armadale,3143,Prahran,0.0206
20067,Armstrong,3377,Ripon,1.0000
20068,"Armstrong Creek",3217,"South Barwon",1.0000
20069,Arnold,3551,Ripon,1.0000
20070,"Arnold West",3551,Ripon,1.0000
20071,"Arthurs Creek",3099,Eildon,1.0000
20072,"Arthurs Seat",3936,Nepean,1.0000
20073,"Ascot (Ballarat)",3364,Ripon,1.0000
20074,"Ascot (Greater Bendigo)",3551,"Bendigo East",1.0000
20075,"Ascot Vale",3032,Essendon,1.0000
20076,Ashbourne,3442,Macedon,1.0000
20077,Ashburton,3147,Ashwood,1.0000
20078,Ashwood,3147,Ashwood,1.0000
20079,Aspendale,3195,Mordialloc,1.0000
20080,"Aspendale Gardens",3195,Mordialloc,1.0000
20081,Athlone,3818,Narracan,1.0000
20082,Attwood,3049,Greenvale,1.0000
20083,Aubrey,3393,Lowan,1.0000
20084,Auchmore,3570,"Bendigo East",1.0000
20085,Avalon,3212,Lara,1.0000
20086,Avenel,3664,Euroa,1.0000
20087,Avoca,3467,Ripon,1.0000
20088,"Avon Plains",3477,Ripon,1.0000
20089,"Avondale Heights",3034,Niddrie,1.0000
20090,Avonmore,3559,"Bendigo East",1.0000
20091,Avonsleigh,3782,Monbulk,1.0000
20092,"Axe Creek",3551,"Bendigo East",1.0000
20093,Axedale,3551,"Bendigo East",0.8737
20093,Axedale,3551,Euroa,0.1263
20094,Ayrford,3268,"South-West Coast",0.6500
20094,Ayrford,3268,Polwarth,0.3500
20095,"Bacchus Marsh",3340,Eureka,1.0000
20096,Baddaginnie,3670,Euroa,1.0000
20097,"Badger Creek",3777,Eildon,1.0000
20098,"Bael Bael",3579,"Murray Plains",1.0000
20099,Bagshot,3551,"Bendigo East",1.0000
20100,"Bagshot North",3551,"Bendigo East",1.0000
20101,Bahgallah,3312,Lowan,1.0000
20102,Bailieston,3608,Euroa,1.0000
20103,Bairnsdale,3875,"Gippsland East",1.0000
20104,"Bakery Hill",3350,Eureka,1.0000
20105,Balaclava,3183,Caulfield,1.0000
20106,"Bald Hills",3364,Ripon,1.0000
20107,Balintore,3249,Polwarth,1.0000
20108,Ballan,3342,Eureka,1.0000
20109,Ballangeich,3279,"South-West Coast",1.0000
20110,Ballapur,3483,Mildura,1.0000
20111,"Ballarat Central",3350,Wendouree,1.0000
20112,"Ballarat East",3350,Eureka,1.0000
20113,"Ballarat North",3350,Wendouree,1.0000
20114,Ballendella,3561,"Murray Plains",1.0000
20115,Balliang,3340,Lara,0.5787
20115,Balliang,3340,Eureka,0.4213
20116,"Balliang East",3340,Eureka,1.0000
20117,Ballyrogan,3375,Ripon,1.0000
20118,Balmattum,3666,Euroa,1.0000
20119,Balmoral,3407,Lowan,1.0000
20120,Balnarring,3926,Hastings,1.0000
20121,"Balnarring Beach",3926,Hastings,1.0000
20122,Balook,3971,"Gippsland South",1.0000
20123,Balwyn,3103,Kew,1.0000
20124,"Balwyn North",3104,Kew,0.9967
20125,Bamawm,3561,"Murray Plains",1.0000
20126,"Bamawm Extension",3564,"Murray Plains",1.0000
20127,Bambra,3241,Polwarth,1.0000
20128,Bamganie,3333,Eureka,1.0000
20129,Bandiana,3691,Benambra,1.0000
20130,Bangerang,3393,Lowan,1.0000
20131,Bangholme,3175,Carrum,0.7580
20131,Bangholme,3175,Mordialloc,0.2420
20132,Bannerton,3549,Mildura,1.0000
20133,Bannockburn,3331,Geelong,1.0000
20134,Banyan,3485,Mildura,1.0000
20135,Banyena,3388,Ripon,1.0000
20136,Baranduda,3691,Benambra,1.0000
20137,Barfold,3444,Macedon,1.0000
20138,Baringhup,3463,"Bendigo West",1.0000
20139,"Baringhup West",3463,"Bendigo West",1.0000
20140,Barjarg,3723,Eildon,1.0000
20141,"Barkers Creek",3451,"Bendigo West",1.0000
20142,Barkly,3384,Ripon,1.0000
20143,Barkstead,3364,Eureka,1.0000
20144,Barmah,3639,Shepparton,1.0000
20145,Barnadown,3557,"Bendigo East",1.0000
20146,Barnawartha,3688,Benambra,1.0000
20147,"Barnawartha North",3691,Benambra,1.0000
20148,Baromi,3871,"Gippsland South",1.0000
20149,Barongarook,3249,Polwarth,1.0000
20150,"Barongarook West",3249,Polwarth,1.0000
20151,Barrabool,3221,"South Barwon",1.0000
20152,Barrakee,3525,Mildura,1.0000
20153,Barramunga,3249,Polwarth,1.0000
20154,Barraport,3537,"Murray Plains",1.0000
20155,"Barraport West",3537,"Murray Plains",1.0000
20156,"Barrys Reef",3458,Macedon,1.0000
20157,"Barunah Park",3329,Eureka,1.0000
20158,"Barunah Plains",3329,Polwarth,1.0000
20159,Barwidgee,3737,"Ovens Valley",1.0000
20160,Barwite,3722,Eildon,1.0000
20161,"Barwon Downs",3243,Polwarth,1.0000
20162,"Barwon Heads",3227,Bellarine,1.0000
20163,Basalt,3460,Macedon,1.0000
20164,Bass,3991,Bass,1.0000
20165,Batesford,3213,Geelong,0.7654
20165,Batesford,3213,Lara,0.2346
20166,Bathumi,3730,"Ovens Valley",1.0000
20167,"Baw Baw",3833,Narracan,1.0000
20168,"Baw Baw Village",3833,Narracan,1.0000
20169,Baxter,3911,Hastings,0.9777
20169,Baxter,3911,Mornington,0.0223
20170,Bayindeen,3375,Ripon,1.0000
20171,Bayles,3981,Bass,1.0000
20172,Baynton,3444,Macedon,1.0000
20173,Bayswater,3153,Bayswater,1.0000
20174,"Bayswater North",3153,Croydon,1.0000
20175,Beaconsfield,3807,Berwick,1.0000
20176,"Beaconsfield Upper",3808,Berwick,0.8215
20176,"Beaconsfield Upper",3808,Pakenham,0.1785
20177,Bealiba,3475,Ripon,1.0000
20178,Bearii,3641,Shepparton,1.0000
20179,"Bears Lagoon",3517,"Bendigo East",1.0000
20180,Beauchamp,3579,"Murray Plains",1.0000
20181,Beaufort,3373,Ripon,1.0000
20182,Beaumaris,3193,Sandringham,1.0000
20183,"Beazleys Bridge",3477,Ripon,1.0000
20184,Beeac,3251,Polwarth,1.0000
20185,"Beech Forest",3237,Polwarth,1.0000
20186,Beechworth,3747,Benambra,1.0000
20187,Beenak,3139,Eildon,1.0000
20188,Belgrave,3160,Monbulk,1.0000
20189,"Belgrave Heights",3160,Monbulk,1.0000
20190,"Belgrave South",3160,Monbulk,1.0000
20191,"Bell Park",3215,Lara,1.0000
20192,"Bell Post Hill",3215,Lara,1.0000
20193,Bellarine,3223,Bellarine,1.0000
20194,"Bellbird Creek",3889,"Gippsland East",1.0000
20195,Bellbrae,3228,Polwarth,1.0000
20196,Bellbridge,3691,Benambra,1.0000
20197,Bellellen,3381,Lowan,1.0000
20198,"Bellfield (Banyule)",3081,Ivanhoe,1.0000
20199,"Bellfield (Northern Grampians)",3381,Lowan,1.0000
20200,"Bells Beach",3228,Polwarth,1.0000
20201,Belmont,3216,Geelong,0.6654
20201,Belmont,3216,"South Barwon",0.3346
20202,"Bemm River",3889,"Gippsland East",1.0000
20203,Bena,3946,"Gippsland South",1.0000
20204,Benalla,3672,Euroa,1.0000
20205,Benambra,3900,"Gippsland East",1.0000
20206,Benayeo,3319,Lowan,1.0000
20207,"Bend Of Islands",3097,Eildon,1.0000
20208,Bendigo,3550,"Bendigo West",0.8626
20208,Bendigo,3550,"Bendigo East",0.1374
20209,Bendoc,3888,"Gippsland East",1.0000
20210,Bengworden,3875,"Gippsland East",1.0000
20211,Benjeroop,3579,"Murray Plains",1.0000
20212,Benloch,3435,Macedon,1.0000
20213,Bennison,3960,"Gippsland South",1.0000
20214,Bentleigh,3204,Bentleigh,1.0000
20215,"Bentleigh East",3165,Bentleigh,1.0000
20216,Benwerrin,3235,Polwarth,1.0000
20217,Beremboke,3342,Eureka,1.0000
20218,Berrimal,3518,Ripon,1.0000
20219,Berringa,3351,Eureka,1.0000
20220,Berringama,3691,Benambra,1.0000
20221,Berriwillock,3531,Mildura,1.0000
20222,Berrybank,3323,Polwarth,1.0000
20223,"Berrys Creek",3953,"Gippsland South",1.0000
20224,Berwick,3806,Berwick,0.8958
20224,Berwick,3806,"Narre Warren North",0.1042
20225,Bessiebelle,3304,"South-West Coast",1.0000
20226,"Bet Bet",3472,Ripon,1.0000
20227,"Bete Bolong",3888,"Gippsland East",1.0000
20228,"Bete Bolong North",3888,"Gippsland East",1.0000
20229,Bethanga,3691,Benambra,1.0000
20230,Betley,3472,Ripon,1.0000
20231,Beulah,3395,Mildura,1.0000
20232,Beverford,3590,"Murray Plains",1.0000
20233,Beveridge,3753,Kalkallo,0.9146
20233,Beveridge,3753,"Yan Yean",0.0854
20234,"Big Desert",3490,Mildura,1.0000
20235,"Big Hill (Greater Bendigo)",3555,"Bendigo East",0.7766
20235,"Big Hill (Greater Bendigo)",3555,"Bendigo West",0.2234
20236,"Big Hill (Surf Coast)",3231,Polwarth,1.0000
20237,"Big Pats Creek",3799,Eildon,1.0000
20238,Biggara,3707,Benambra,1.0000
20239,Billabong,3858,"Gippsland East",1.0000
20240,Bimbourie,3533,Mildura,1.0000
20241,Bindi,3896,"Gippsland East",1.0000
20242,Binginwarri,3966,"Gippsland South",1.0000
20243,"Bingo Munjie",3898,"Gippsland East",1.0000
20244,Birchip,3483,Mildura,1.0000
20245,"Birchip West",3483,Mildura,1.0000
20246,Birdwoodton,3505,Mildura,1.0000
20247,Birregurra,3242,Polwarth,1.0000
20248,Bittern,3918,Hastings,1.0000
20249,"Black Hill",3350,Wendouree,1.0000
20250,"Black Range",3381,Lowan,1.0000
20251,"Black Rock",3193,Sandringham,1.0000
20252,Blackburn,3130,"Box Hill",0.6679
20252,Blackburn,3130,Ringwood,0.3321
20253,"Blackburn North",3130,"Box Hill",0.6489
20253,"Blackburn North",3130,Ringwood,0.3511
20254,"Blackburn South",3130,"Box Hill",0.8697
20254,"Blackburn South",3130,"Glen Waverley",0.1303
20255,Blackwarry,3844,"Gippsland South",1.0000
20256,Blackwood,3458,Macedon,1.0000
20257,Blairgowrie,3942,Nepean,1.0000
20258,Blakeville,3342,Eureka,1.0000
20259,Blampied,3364,Ripon,1.0000
20260,"Blind Bight",3980,Bass,1.0000
20261,Blowhard,3352,Ripon,1.0000
20262,"Bo Peep",3351,Ripon,1.0000
20263,Bobinawarrah,3678,"Ovens Valley",1.0000
20264,Bochara,3301,Lowan,1.0000
20265,Bogong,3699,"Ovens Valley",1.0000
20266,Boho,3669,Euroa,1.0000
20267,"Boho South",3669,Euroa,1.0000
20268,Boigbeat,3531,Mildura,1.0000
20269,Boinka,3490,Mildura,1.0000
20270,Boisdale,3860,"Gippsland East",1.0000
20271,Bolangum,3387,Ripon,1.0000
20272,Bolinda,3432,Macedon,1.0000
20273,Bolton,3546,Mildura,1.0000
20274,Bolwarra,3305,"South-West Coast",1.0000
20275,Bolwarrah,3352,Eureka,1.0000
20276,"Bona Vista",3820,Narracan,1.0000
20277,Bonang,3888,"Gippsland East",1.0000
20278,Bonbeach,3196,Carrum,1.0000
20279,Bonegilla,3691,Benambra,1.0000
20280,Boneo,3939,Nepean,1.0000
20281,Bonn,3561,"Murray Plains",1.0000
20282,"Bonnie Brook",3335,Sydenham,1.0000
20283,"Bonnie Doon",3720,Eildon,1.0000
20284,Bonshaw,3352,Wendouree,1.0000
20285,Bookaar,3260,Polwarth,1.0000
20286,Boola,3825,Narracan,1.0000
20287,Boolarong,3960,"Gippsland South",1.0000
20288,Boolarra,3870,"Gippsland South",1.0000
20289,"Boolarra South",3870,"Gippsland South",1.0000
20290,"Boole Poole",3880,"Gippsland East",1.0000
20291,Boolite,3392,Lowan,1.0000
20292,Boomahnoomoonah,3728,"Ovens Valley",1.0000
20293,Boonah,3235,Polwarth,1.0000
20294,Boorcan,3265,Polwarth,1.0000
20295,Boorhaman,3678,"Ovens Valley",1.0000
20296,"Boorhaman East",3678,"Ovens Valley",1.0000
20297,"Boorhaman North",3685,"Ovens Valley",1.0000
20298,Boorolite,3723,Eildon,1.0000
20299,Boorool,3953,"Gippsland South",1.0000
20300,Boort,3537,"Murray Plains",1.0000
20301,Boosey,3730,"Ovens Valley",1.0000
20302,Boralma,3682,"Ovens Valley",1.0000
20303,"Bornes Hill",3379,Lowan,1.0000
20304,Boronia,3155,Bayswater,0.9813
20304,Boronia,3155,Monbulk,0.0187
20305,Borung,3518,Ripon,1.0000
20306,"Bostocks Creek",3260,Polwarth,1.0000
20307,"Botanic Ridge",3977,Cranbourne,1.0000
20308,"Boundary Bend",3599,Mildura,1.0000
20309,Bowenvale,3465,Ripon,1.0000
20310,Boweya,3675,Euroa,0.7400
20310,Boweya,3675,"Ovens Valley",0.2600
20311,"Boweya North",3675,"Ovens Valley",1.0000
20312,"Bowmans Forest",3735,"Ovens Valley",1.0000
20313,Bowser,3678,"Ovens Valley",1.0000
20314,"Box Hill",3128,"Box Hill",1.0000
20315,"Box Hill North",3129,"Box Hill",1.0000
20316,"Box Hill South",3128,"Box Hill",1.0000
20317,Boxwood,3725,Euroa,0.7000
20317,Boxwood,3725,Shepparton,0.3000
20318,Bradford,3463,"Bendigo West",1.0000
20319,Bradvale,3361,Polwarth,1.0000
20320,Braeside,3195,Mordialloc,1.0000
20321,"Brandy Creek",3821,Narracan,1.0000
20322,Branxholme,3302,Lowan,0.9071
20322,Branxholme,3302,"South-West Coast",0.0929
20323,Bravington,3821,Narracan,1.0000
20324,Braybrook,3019,Laverton,1.0000
20325,"Breakaway Creek",3303,"South-West Coast",1.0000
20326,Breakwater,3219,Geelong,1.0000
20327,Breamlea,3227,"South Barwon",1.0000
20328,Brenanah,3517,Ripon,1.0000
20329,Brewster,3352,Ripon,1.0000
20330,Briagolong,3860,"Gippsland East",1.0000
20331,"Briar Hill",3088,Eltham,0.7706
20331,"Briar Hill",3088,Bundoora,0.2294
20332,"Bridge Creek",3723,Eildon,1.0000
20333,Bridgewater,3516,Ripon,1.0000
20334,"Bridgewater North",3516,Ripon,1.0000
20335,"Bridgewater On Loddon",3516,Ripon,1.0000
20336,Bright,3741,"Ovens Valley",1.0000
20337,Brighton,3186,Brighton,1.0000
20338,"Brighton East",3187,Brighton,0.9718
20338,"Brighton East",3187,Bentleigh,0.0282
20339,Brim,3391,Lowan,1.0000
20340,Brimboal,3312,Lowan,1.0000
20341,Brimin,3685,Benambra,1.0000
20342,Brimpaen,3401,Lowan,1.0000
20343,Bringalbert,3319,Lowan,1.0000
20344,"Brit Brit",3315,Lowan,1.0000
20345,Broadford,3658,Euroa,1.0000
20346,Broadmeadows,3047,Broadmeadows,1.0000
20347,Broadwater,3301,"South-West Coast",1.0000
20348,"Brodribb River",3888,"Gippsland East",1.0000
20349,"Broken Creek",3673,Euroa,1.0000
20350,Bromley,3472,Ripon,1.0000
20351,Brookfield,3338,Melton,1.0000
20352,Brooklyn,3012,Williamstown,0.9955
20353,Brookville,3896,"Gippsland East",1.0000
20354,Broomfield,3364,Ripon,1.0000
20355,Broughton,3418,Lowan,1.0000
20356,"Brown Hill",3350,Eureka,1.0000
20357,"Browns Plains",3685,Benambra,1.0000
20358,Bruarong,3749,Benambra,1.0000
20359,Brucknell,3268,Polwarth,1.0000
20360,Brumby,3885,"Gippsland East",1.0000
20361,Brunswick,3056,Brunswick,1.0000
20362,"Brunswick East",3057,Brunswick,1.0000
20363,"Brunswick West",3055,Brunswick,0.6535
20363,"Brunswick West",3055,"Pascoe Vale",0.3465
20364,Bruthen,3885,"Gippsland East",1.0000
20365,Buangor,3375,Ripon,1.0000
20366,Buchan,3885,"Gippsland East",1.0000
20367,"Buchan South",3885,"Gippsland East",1.0000
20368,Buckland,3740,"Ovens Valley",1.0000
20369,Buckley,3240,Polwarth,1.0000
20370,"Buckley Swamp",3301,Lowan,1.0000
20371,Buckrabanyule,3525,Mildura,0.5690
20371,Buckrabanyule,3525,Ripon,0.4310
20372,"Budgee Budgee",3862,"Gippsland East",1.0000
20373,Budgeree,3870,"Gippsland South",1.0000
20374,"Budgerum East",3579,"Murray Plains",1.0000
20375,Buffalo,3958,"Gippsland South",1.0000
20376,"Buffalo River",3737,"Ovens Valley",1.0000
20377,Bulart,3314,Lowan,1.0000
20378,Buldah,3890,"Gippsland East",1.0000
20379,Bulga,3586,"Murray Plains",1.0000
20380,Bulgana,3377,Lowan,1.0000
20381,Bulla,3428,Sunbury,1.0000
20382,Bullaharre,3266,Polwarth,1.0000
20383,Bullarook,3352,Eureka,1.0000
20384,Bullarto,3461,Macedon,1.0000
20385,"Bullarto South",3461,Macedon,1.0000
20386,Bulleen,3105,Bulleen,1.0000
20387,Bullengarook,3437,Macedon,1.0000
20388,Bullioh,3700,Benambra,1.0000
20389,Bullumwaal,3875,"Gippsland East",1.0000
20390,"Buln Buln",3821,Narracan,1.0000
20391,"Buln Buln East",3821,Narracan,1.0000
20392,Bumberrah,3902,"Gippsland East",1.0000
20393,Bunbartha,3634,Shepparton,1.0000
20394,Bundalaguah,3851,"Gippsland East",1.0000
20395,Bundalong,3730,"Ovens Valley",1.0000
20396,"Bundalong South",3730,"Ovens Valley",1.0000
20397,Bundara,3898,"Gippsland East",1.0000
20398,Bunding,3342,Eureka,1.0000
20399,Bundoora,3083,Bundoora,1.0000
20400,"Bung Bong",3465,Ripon,1.0000
20401,Bungador,3260,Polwarth,1.0000
20402,Bungal,3334,Eureka,1.0000
20403,Bungalally,3401,Lowan,1.0000
20404,Bungaree,3352,Eureka,1.0000
20405,Bungeet,3726,Euroa,1.0000
20406,"Bungeet West",3726,Euroa,1.0000
20407,Bungil,3691,Benambra,1.0000
20408,Bunguluke,3527,Mildura,1.0000
20409,Buninyong,3357,Eureka,1.0000
20410,"Bunkers Hill",3352,Ripon,1.0000
20411,Bunyip,3815,Narracan,1.0000
20412,"Bunyip North",3815,Narracan,1.0000
20413,Buragwonduc,3858,"Gippsland East",1.0000
20414,"Burkes Bridge",3568,"Murray Plains",1.0000
20415,"Burkes Flat",3475,Ripon,1.0000
20416,Burnbank,3371,Ripon,1.0000
20417,Burnewang,3558,Euroa,1.0000
20418,Burnley,3121,Richmond,1.0000
20419,Burnside,3023,Kororoit,1.0000
20420,"Burnside Heights",3023,Kororoit,1.0000
20421,Burramboot,3559,Euroa,1.0000
20422,Burramine,3730,"Ovens Valley",1.0000
20423,"Burramine South",3730,"Ovens Valley",1.0000
20424,Burrowye,3709,Benambra,1.0000
20425,Burrumbeet,3352,Ripon,1.0000
20426,Burwood,3125,Ashwood,0.5126
20426,Burwood,3125,"Box Hill",0.4874
20427,"Burwood East",3151,"Glen Waverley",0.4285
20427,"Burwood East",3151,Ashwood,0.3483
20427,"Burwood East",3151,"Box Hill",0.2232
20428,Bushfield,3281,"South-West Coast",1.0000
20429,"Bushy Park",3860,"Gippsland East",1.0000
20430,"Butchers Ridge",3885,"Gippsland East",1.0000
20431,Buxton,3711,Eildon,1.0000
20432,Byaduk,3301,Lowan,0.6190
20432,Byaduk,3301,"South-West Coast",0.3810
20433,"Byaduk North",3300,Lowan,1.0000
20434,Byawatha,3678,"Ovens Valley",1.0000
20435,Bylands,3762,Euroa,0.9661
20435,Bylands,3762,Macedon,0.0339
20436,Byrneside,3617,Euroa,1.0000
20437,Cabarita,3505,Mildura,1.0000
20438,"Cabbage Tree",3364,Ripon,1.0000
20439,"Cabbage Tree Creek",3889,"Gippsland East",1.0000
20440,Cadello,3442,Macedon,1.0000
20441,Cairnlea,3023,"St Albans",1.0000
20442,"Calder Park",3037,Sydenham,1.0000
20443,Caldermeade,3984,Bass,1.0000
20444,"California Gully",3556,"Bendigo East",0.5607
20444,"California Gully",3556,"Bendigo West",0.4393
20445,Calivil,3573,"Murray Plains",1.0000
20446,Callawadda,3387,Ripon,1.0000
20447,Callignee,3844,Morwell,1.0000
20448,"Callignee North",3844,"Gippsland South",1.0000
20449,"Callignee South",3844,"Gippsland South",1.0000
20450,Calrossie,3971,"Gippsland South",1.0000
20451,Calulu,3875,"Gippsland East",1.0000
20452,Cambarville,3779,Eildon,1.0000
20453,Camberwell,3124,Hawthorn,0.9887
20454,"Cambrian Hill",3352,Ripon,1.0000
20455,Campbellfield,3061,Broadmeadows,1.0000
20456,"Campbells Bridge",3387,Lowan,1.0000
20457,"Campbells Creek",3451,"Bendigo West",1.0000
20458,"Campbells Forest",3556,Ripon,1.0000
20459,Campbelltown,3364,Ripon,0.5490
20459,Campbelltown,3364,"Bendigo West",0.4510
20460,Camperdown,3260,Polwarth,1.0000
20461,Canadian,3350,Eureka,1.0000
20462,"Canary Island",3537,"Murray Plains",1.0000
20463,Caniambo,3630,Euroa,1.0000
20464,"Cann River",3890,"Gippsland East",1.0000
20465,Cannie,3540,"Murray Plains",1.0000
20466,"Cannons Creek",3977,Bass,1.0000
20467,Cannum,3393,Lowan,1.0000
20468,Canterbury,3126,Hawthorn,0.6347
20468,Canterbury,3126,Kew,0.3653
20469,"Cape Bridgewater",3305,"South-West Coast",1.0000
20470,"Cape Clear",3351,Eureka,1.0000
20471,"Cape Conran",3888,"Gippsland East",1.0000
20472,"Cape Otway",3233,Polwarth,1.0000
20473,"Cape Paterson",3995,Bass,1.0000
20474,"Cape Schanck",3939,Nepean,1.0000
20475,"Cape Woolamai",3925,Bass,1.0000
20476,"Capel Sound",3940,Nepean,1.0000
20477,"Capels Crossing",3579,"Murray Plains",1.0000
20478,"Carag Carag",3623,Euroa,1.0000
20479,Caralulup,3371,Ripon,1.0000
20480,Caramut,3274,Lowan,1.0000
20481,Carapooee,3477,Ripon,1.0000
20482,"Carapooee West",3477,Ripon,1.0000
20483,Carapook,3312,Lowan,1.0000
20484,Carboor,3678,"Ovens Valley",1.0000
20485,Cardigan,3352,Ripon,1.0000
20486,"Cardigan Village",3352,Ripon,1.0000
20487,Cardinia,3978,Bass,0.6901
20487,Cardinia,3978,Pakenham,0.3099
20488,Cardross,3496,Mildura,1.0000
20489,Cargerie,3334,Eureka,1.0000
20490,Carina,3512,Mildura,1.0000
20491,Caringal,3825,Narracan,1.0000
20492,Carisbrook,3464,Ripon,0.9958
20493,"Carlisle River",3239,Polwarth,1.0000
20494,Carlsruhe,3442,Macedon,1.0000
20495,Carlton,3053,Melbourne,1.0000
20496,"Carlton North",3054,Brunswick,1.0000
20497,Carlyle,3685,Benambra,1.0000
20498,Carnegie,3163,Oakleigh,1.0000
20499,Carngham,3351,Ripon,1.0000
20500,"Caroline Springs",3023,Kororoit,0.8324
20500,"Caroline Springs",3023,Sydenham,0.1676
20501,Carpendeit,3260,Polwarth,1.0000
20502,Carrajung,3844,"Gippsland South",1.0000
20503,"Carrajung Lower",3844,"Gippsland South",1.0000
20504,"Carrajung South",3844,"Gippsland South",1.0000
20505,Carranballac,3361,Ripon,1.0000
20506,Carron,3480,Mildura,1.0000
20507,Carrum,3197,Carrum,1.0000
20508,"Carrum Downs",3201,Carrum,1.0000
20509,Carwarp,3494,Mildura,1.0000
20510,Cashmore,3305,"South-West Coast",1.0000
20511,Cassilis,3898,"Gippsland East",1.0000
20512,Castella,3777,Eildon,1.0000
20513,Casterton,3311,Lowan,1.0000
20514,"Castle Creek",3691,Benambra,1.0000
20515,"Castle Donnington",3585,"Murray Plains",1.0000
20516,Castlemaine,3450,"Bendigo West",1.0000
20517,Catani,3981,Bass,1.0000
20518,Cathcart,3377,Ripon,1.0000
20519,Cathkin,3714,Eildon,1.0000
20520,Catumnal,3537,"Murray Plains",1.0000
20521,Caulfield,3162,Caulfield,1.0000
20522,"Caulfield East",3145,Caulfield,1.0000
20523,"Caulfield North",3161,Caulfield,1.0000
20524,"Caulfield South",3162,Caulfield,1.0000
20525,Caveat,3660,Eildon,1.0000
20526,Cavendish,3314,Lowan,1.0000
20527,Ceres,3221,"South Barwon",1.0000
20528,Chadstone,3148,Ashwood,0.7239
20528,Chadstone,3148,Oakleigh,0.2761
20529,"Chandlers Creek",3890,"Gippsland East",1.0000
20530,"Chapel Flat",3352,Ripon,1.0000
20531,"Chapple Vale",3239,Polwarth,1.0000
20532,Charam,3318,Lowan,1.0000
20533,Charlemont,3217,"South Barwon",1.0000
20534,Charleroi,3695,Benambra,1.0000
20535,Charlton,3525,Mildura,1.0000
20536,Chatsworth,3379,Lowan,1.0000
20537,Chelsea,3196,Mordialloc,1.0000
20538,"Chelsea Heights",3196,Mordialloc,1.0000
20539,Cheltenham,3192,Clarinda,0.3561
20539,Cheltenham,3192,Bentleigh,0.3335
20539,Cheltenham,3192,Sandringham,0.3104
20540,Chepstowe,3351,Ripon,1.0000
20541,Cherokee,3434,Macedon,1.0000
20542,Cherrypool,3401,Lowan,1.0000
20543,Cheshunt,3678,"Ovens Valley",1.0000
20544,"Cheshunt South",3678,"Ovens Valley",1.0000
20545,"Chesney Vale",3725,Euroa,1.0000
20546,Chetwynd,3312,Lowan,1.0000
20547,Chewton,3451,"Bendigo West",1.0000
20548,"Chewton Bushlands",3451,"Bendigo West",1.0000
20549,Childers,3824,Narracan,1.0000
20550,Chillingollah,3585,"Murray Plains",1.0000
20551,Chiltern,3683,Benambra,1.0000
20552,"Chiltern Valley",3683,Benambra,1.0000
20553,Chinangin,3544,"Murray Plains",1.0000
20554,Chinkapook,3546,Mildura,1.0000
20555,Chintin,3756,Macedon,1.0000
20556,"Chirnside Park",3116,Evelyn,0.5978
20556,"Chirnside Park",3116,Warrandyte,0.4022
20557,Chirrip,3525,Mildura,1.0000
20558,Chocolyn,3260,Polwarth,1.0000
20559,"Christmas Hills",3775,Eildon,1.0000
20560,"Chum Creek",3777,Eildon,1.0000
20561,Churchill,3842,Morwell,1.0000
20562,"Churchill Island",3925,Bass,1.0000
20563,Chute,3373,Ripon,1.0000
20564,Clarendon,3352,Eureka,1.0000
20565,Claretown,3352,Eureka,1.0000
20566,Clarinda,3169,Clarinda,1.0000
20567,Clarkefield,3430,Macedon,0.9732
20567,Clarkefield,3430,Sunbury,0.0268
20568,"Clarkes Hill",3352,Eureka,1.0000
20569,Clayton,3168,Oakleigh,1.0000
20570,"Clayton South",3169,Clarinda,1.0000
20571,"Clear Lake",3409,Lowan,1.0000
20572,Clematis,3782,Monbulk,1.0000
20573,"Clifton Creek",3875,"Gippsland East",1.0000
20574,"Clifton Hill",3068,Richmond,1.0000
20575,"Clifton Springs",3222,Bellarine,1.0000
20576,Clonbinane,3658,Euroa,0.8905
20576,Clonbinane,3658,"Yan Yean",0.1095
20577,"Clover Flat",3315,Lowan,1.0000
20578,Cloverlea,3822,Narracan,1.0000
20579,"Club Terrace",3889,"Gippsland East",1.0000
20580,Clunes,3370,Ripon,1.0000
20581,Clyde,3978,Bass,0.5714
20581,Clyde,3978,Cranbourne,0.4286
20582,"Clyde North",3978,Berwick,0.7997
20582,"Clyde North",3978,Cranbourne,0.2003
20583,Clydebank,3851,"Gippsland East",1.0000
20584,Clydesdale,3461,Macedon,1.0000
20585,Coalville,3825,Narracan,1.0000
20586,Cobains,3851,"Gippsland South",0.6008
20586,Cobains,3851,"Gippsland East",0.3992
20587,Cobaw,3442,Macedon,1.0000
20588,Cobbannah,3862,"Gippsland East",1.0000
20589,Cobberas,3900,"Gippsland East",1.0000
20590,Cobblebank,3338,Melton,1.0000
20591,Cobden,3266,Polwarth,1.0000
20592,Cobram,3644,"Ovens Valley",1.0000
20593,"Cobram East",3644,"Ovens Valley",1.0000
20594,Cobrico,3266,Polwarth,1.0000
20595,Cobungra,3898,"Gippsland East",1.0000
20596,Coburg,3058,"Pascoe Vale",1.0000
20597,"Coburg North",3058,"Pascoe Vale",1.0000
20598,Cocamba,3546,Mildura,1.0000
20599,"Cochranes Creek",3475,Ripon,1.0000
20600,Cockatoo,3781,Monbulk,1.0000
20601,Cocoroc,3030,Werribee,0.9993
20602,Codrington,3285,"South-West Coast",1.0000
20603,"Coghills Creek",3364,Ripon,1.0000
20604,Cohuna,3568,"Murray Plains",1.0000
20605,Coimadai,3340,Macedon,1.0000
20606,Cokum,3530,Mildura,1.0000
20607,Colac,3250,Polwarth,1.0000
20608,"Colac Colac",3707,Benambra,1.0000
20609,"Colac East",3250,Polwarth,1.0000
20610,"Colac West",3250,Polwarth,1.0000
20611,Colbinabbin,3559,Euroa,1.0000
20612,Colbrook,3342,Eureka,1.0000
20613,Coldstream,3770,Evelyn,1.0000
20614,Coleraine,3315,Lowan,1.0000
20615,Colignan,3494,Mildura,1.0000
20616,Collingwood,3066,Richmond,1.0000
20617,Combienbar,3889,"Gippsland East",1.0000
20618,Concongella,3384,Lowan,1.0000
20619,Condah,3303,"South-West Coast",1.0000
20620,Congupna,3633,Shepparton,1.0000
20621,Connewarre,3227,Bellarine,0.6769
20621,Connewarre,3227,"South Barwon",0.3231
20622,Connewirricoo,3318,Lowan,1.0000
20623,Coojar,3315,Lowan,1.0000
20624,Coolaroo,3048,Broadmeadows,1.0000
20625,Cooma,3616,Euroa,1.0000
20626,Coomboona,3629,Shepparton,1.0000
20627,Coomoora,3461,Macedon,1.0000
20628,Coongulla,3860,"Gippsland East",1.0000
20629,"Coonooer Bridge",3477,Mildura,0.5882
20629,"Coonooer Bridge",3477,Ripon,0.4118
20630,"Coonooer West",3477,Ripon,1.0000
20631,Cooriemungle,3268,Polwarth,1.0000
20632,"Cope Cope",3480,Mildura,0.7000
20632,"Cope Cope",3480,Ripon,0.3000
20633,"Cora Lynn",3814,Narracan,1.0000
20634,Corack,3480,Mildura,1.0000
20635,"Corack East",3480,Mildura,1.0000
20636,Coragulac,3249,Polwarth,1.0000
20637,"Coral Bank",3691,"Ovens Valley",1.0000
20638,Corindhap,3352,Eureka,1.0000
20639,Corinella,3984,Bass,1.0000
20640,Corio,3214,Lara,1.0000
20641,Corndale,3311,Lowan,1.0000
20642,Cornella,3551,Euroa,1.0000
20643,Cornishtown,3683,Benambra,1.0000
20644,"Coronet Bay",3984,Bass,1.0000
20645,Corop,3559,Euroa,1.0000
20646,Cororooke,3254,Polwarth,1.0000
20647,Corringle,3888,"Gippsland East",1.0000
20648,Corryong,3707,Benambra,1.0000
20649,Corunnun,3249,Polwarth,1.0000
20650,Cosgrove,3631,Shepparton,1.0000
20651,"Cosgrove South",3631,Shepparton,1.0000
20652,Costerfield,3523,Euroa,1.0000
20653,Cotswold,3465,Ripon,1.0000
20654,"Cottles Bridge",3099,Eildon,1.0000
20655,Cowa,3862,"Gippsland East",1.0000
20656,Cowangie,3506,Mildura,1.0000
20657,Cowes,3922,Bass,1.0000
20658,"Cowleys Creek",3268,Polwarth,1.0000
20659,Cowwarr,3857,"Gippsland South",0.9797
20659,Cowwarr,3857,"Gippsland East",0.0203
20660,Craigie,3465,Ripon,1.0000
20661,Craigieburn,3064,Kalkallo,0.8529
20661,Craigieburn,3064,Greenvale,0.1471
20662,Cranbourne,3977,Cranbourne,1.0000
20663,"Cranbourne East",3977,Cranbourne,1.0000
20664,"Cranbourne North",3977,"Narre Warren South",1.0000
20665,"Cranbourne South",3977,Cranbourne,0.6174
20665,"Cranbourne South",3977,Bass,0.3826
20666,"Cranbourne West",3977,Cranbourne,1.0000
20667,"Creek Junction",3669,Euroa,1.0000
20668,"Creek View",3551,Euroa,1.0000
20669,"Creightons Creek",3666,Euroa,1.0000
20670,Cremorne,3121,Richmond,1.0000
20671,Cressy,3322,Polwarth,0.9016
20671,Cressy,3322,Eureka,0.0984
20672,Creswick,3363,Ripon,1.0000
20673,"Creswick North",3363,Ripon,1.0000
20674,"Crib Point",3919,Hastings,1.0000
20675,Crookayan,3858,"Gippsland East",1.0000
20676,"Crooked River",3862,"Gippsland East",1.0000
20677,"Cross Roads",3373,Ripon,1.0000
20678,Crossley,3283,"South-West Coast",1.0000
20679,Crossover,3821,Narracan,1.0000
20680,Crowlands,3377,Ripon,1.0000
20681,"Croxton East",3301,Lowan,1.0000
20682,Croydon,3136,Croydon,0.9951
20683,"Croydon Hills",3136,Croydon,0.9992
20684,"Croydon North",3136,Croydon,1.0000
20685,"Croydon South",3136,Croydon,1.0000
20686,Crymelon,3393,Lowan,1.0000
20687,Cudgee,3265,"South-West Coast",1.0000
20688,Cudgewa,3705,Benambra,1.0000
20689,Culgoa,3530,Mildura,1.0000
20690,Culla,3315,Lowan,1.0000
20691,Cullen,3568,"Murray Plains",1.0000
20692,Cullulleraine,3496,Mildura,1.0000
20693,Cundare,3251,Polwarth,1.0000
20694,"Cundare North",3251,Polwarth,1.0000
20695,"Curdies River",3268,Polwarth,1.0000
20696,Curdievale,3268,Polwarth,0.6532
20696,Curdievale,3268,"South-West Coast",0.3468
20697,Curlewis,3222,Bellarine,1.0000
20698,Curyo,3483,Mildura,1.0000
20699,"Dadswells Bridge",3385,Lowan,1.0000
20700,"Daisy Hill",3465,Ripon,1.0000
20701,"Dales Creek",3341,Macedon,1.0000
20702,Dallas,3047,Broadmeadows,1.0000
20703,Dalmore,3981,Bass,1.0000
20704,"Daltons Bridge",3568,"Murray Plains",1.0000
20705,Dalyenong,3477,Ripon,1.0000
20706,Dalyston,3992,Bass,1.0000
20707,Dandenong,3175,Dandenong,1.0000
20708,"Dandenong North",3175,Dandenong,0.8626
20708,"Dandenong North",3175,Mulgrave,0.1374
20709,"Dandenong South",3175,Dandenong,0.8627
20709,"Dandenong South",3175,Carrum,0.1373
20710,Dandongadale,3737,"Ovens Valley",1.0000
20711,Dargo,3862,"Gippsland East",1.0000
20712,Darley,3340,Eureka,1.0000
20713,Darlimurla,3871,"Gippsland South",1.0000
20714,Darlington,3271,Polwarth,0.5667
20714,Darlington,3271,Lowan,0.4333
20715,Darnum,3822,Narracan,1.0000
20716,"Darraweit Guim",3756,Macedon,1.0000
20717,Darriman,3851,"Gippsland South",1.0000
20718,Dartmoor,3304,Lowan,1.0000
20719,Dartmouth,3701,Benambra,1.0000
20720,Dawson,3858,"Gippsland East",1.0000
20721,Daylesford,3460,Macedon,1.0000
20722,Dean,3363,Ripon,1.0000
20723,"Deans Marsh",3235,Polwarth,1.0000
20724,Deanside,3336,Sydenham,0.8963
20724,Deanside,3336,Kororoit,0.1037
20725,"Deddick Valley",3888,"Gippsland East",1.0000
20726,Dederang,3691,"Ovens Valley",1.0000
20727,"Deep Lead",3385,Lowan,1.0000
20728,Deepdene,3103,Kew,1.0000
20729,"Deer Park",3023,Kororoit,0.9891
20729,"Deer Park",3023,"St Albans",0.0109
20730,Delacombe,3356,Wendouree,1.0000
20731,Delahey,3037,Sydenham,1.0000
20732,Delatite,3723,Eildon,1.0000
20733,Delburn,3871,"Gippsland South",1.0000
20734,"Delegate River",3888,"Gippsland East",1.0000
20735,"Denicull Creek",3377,Ripon,1.0000
20736,Denison,3858,"Gippsland South",1.0000
20737,Dennington,3280,"South-West Coast",1.0000
20738,Denver,3461,Macedon,1.0000
20739,Deptford,3875,"Gippsland East",1.0000
20740,Derby,3516,Ripon,1.0000
20741,Dereel,3352,Eureka,1.0000
20742,Dergholm,3312,Lowan,1.0000
20743,Derrimut,3026,Kororoit,0.9995
20744,Derrinal,3523,Euroa,1.0000
20745,Derrinallum,3325,Polwarth,1.0000
20746,Devenish,3726,Euroa,1.0000
20747,"Devils River",3714,Eildon,1.0000
20748,"Devon Meadows",3977,Bass,0.7571
20748,"Devon Meadows",3977,Cranbourne,0.2429
20749,"Devon North",3971,"Gippsland South",1.0000
20750,Dewhurst,3808,Pakenham,1.0000
20751,Dhurringile,3610,Euroa,1.0000
20752,"Diamond Creek",3089,Eltham,1.0000
20753,Digby,3309,Lowan,1.0000
20754,"Diggers Rest",3427,Sunbury,1.0000
20755,Diggora,3561,"Murray Plains",1.0000
20756,Dimboola,3414,Lowan,1.0000
20757,Dingee,3571,"Bendigo East",1.0000
20758,"Dingley Village",3172,Clarinda,1.0000
20759,Dingwall,3579,"Murray Plains",1.0000
20760,"Dinner Plain",3898,"Ovens Valley",1.0000
20761,Dixie,3265,Polwarth,1.0000
20762,"Dixons Creek",3775,Eildon,1.0000
20763,Dobie,3377,Ripon,1.0000
20764,Docker,3678,"Ovens Valley",1.0000
20765,"Dockers Plains",3678,"Ovens Valley",1.0000
20766,Docklands,3008,Melbourne,0.8604
20766,Docklands,3008,"Albert Park",0.1396
20767,"Doctors Flat",3895,"Gippsland East",1.0000
20768,Dollar,3871,"Gippsland South",1.0000
20769,"Don Valley",3139,Eildon,1.0000
20770,Donald,3480,Mildura,1.0000
20771,Doncaster,3108,Bulleen,0.9982
20772,"Doncaster East",3109,Warrandyte,0.7481
20772,"Doncaster East",3109,Bulleen,0.2519
20773,Donnybrook,3064,"Yan Yean",1.0000
20774,Donvale,3111,Warrandyte,0.8860
20774,Donvale,3111,Ringwood,0.1140
20775,Dooboobetic,3478,Mildura,1.0000
20776,Dooen,3401,Lowan,1.0000
20777,Dookie,3646,Shepparton,1.0000
20778,"Dookie College",3647,Shepparton,1.0000
20779,Doreen,3754,"Yan Yean",1.0000
20780,Dorodong,3312,Lowan,1.0000
20781,"Double Bridges",3893,"Gippsland East",1.0000
20782,Douglas,3409,Lowan,1.0000
20783,Doveton,3177,Dandenong,1.0000
20784,Dreeite,3249,Polwarth,1.0000
20785,"Dreeite South",3249,Polwarth,1.0000
20786,Driffield,3840,Morwell,1.0000
20787,"Drik Drik",3304,"South-West Coast",0.8810
20787,"Drik Drik",3304,Lowan,0.1190
20788,Dromana,3936,Nepean,1.0000
20789,Dropmore,3660,Eildon,1.0000
20790,Drouin,3818,Narracan,1.0000
20791,"Drouin East",3818,Narracan,1.0000
20792,"Drouin South",3818,Narracan,1.0000
20793,"Drouin West",3818,Narracan,1.0000
20794,Drumanure,3636,Shepparton,1.0000
20795,Drumborg,3304,"South-West Coast",1.0000
20796,Drumcondra,3215,Lara,1.0000
20797,Drummartin,3570,"Bendigo East",1.0000
20798,Drummond,3461,Macedon,1.0000
20799,"Drummond North",3446,Macedon,1.0000
20800,Drung,3401,Lowan,1.0000
20801,"Dry Diggings",3461,Macedon,1.0000
20802,Drysdale,3222,Bellarine,1.0000
20803,Duchembegarra,3409,Lowan,1.0000
20804,Dumbalk,3956,"Gippsland South",1.0000
20805,"Dumbalk North",3956,"Gippsland South",1.0000
20806,Dumosa,3527,Mildura,1.0000
20807,Dunach,3371,Ripon,1.0000
20808,Dundonnell,3271,Lowan,1.0000
20809,Dunkeld,"3294 3379",Lowan,1.0000
20810,Dunluce,3472,Ripon,1.0000
20811,Dunneworthy,3377,Ripon,1.0000
20812,Dunnstown,3352,Eureka,1.0000
20813,Dunolly,3472,Ripon,1.0000
20814,Dunrobin,3312,Lowan,1.0000
20815,Durdidwarrah,3342,Eureka,1.0000
20816,"Durham Lead",3352,Eureka,0.9432
20816,"Durham Lead",3352,Ripon,0.0568
20817,"Durham Ox",3576,"Murray Plains",1.0000
20818,Dutson,3851,"Gippsland South",1.0000
20819,"Dutson Downs",3851,"Gippsland South",1.0000
20820,"Dutton Way",3305,"South-West Coast",1.0000
20821,Duverney,3323,Polwarth,1.0000
20822,"Eagle Point",3878,"Gippsland East",1.0000
20823,Eaglehawk,3556,"Bendigo East",0.8708
20823,Eaglehawk,3556,"Bendigo West",0.1292
20824,"Eaglehawk North",3556,"Bendigo East",1.0000
20825,Eaglemont,3084,Ivanhoe,1.0000
20826,Earlston,3669,Euroa,1.0000
20827,"East Bairnsdale",3875,"Gippsland East",1.0000
20828,"East Bendigo",3550,"Bendigo East",1.0000
20829,"East Geelong",3219,Geelong,1.0000
20830,"East Melbourne",3002,Melbourne,1.0000
20831,"East Sale",3852,"Gippsland South",1.0000
20832,"East Wangaratta",3678,"Ovens Valley",1.0000
20833,"East Warburton",3799,Eildon,1.0000
20834,"Eastern View",3231,Polwarth,1.0000
20835,Eastville,3463,"Bendigo West",1.0000
20836,Eastwood,3875,"Gippsland East",1.0000
20837,Ebden,3691,Benambra,1.0000
20838,Echuca,3564,"Murray Plains",1.0000
20839,"Echuca Village",3564,"Murray Plains",1.0000
20840,"Echuca West",3564,"Murray Plains",1.0000
20841,"Ecklin South",3265,Polwarth,0.9462
20841,"Ecklin South",3265,"South-West Coast",0.0538
20842,Eddington,"3463 3472",Ripon,0.7874
20842,Eddington,"3463 3472","Bendigo West",0.2126
20843,"Eden Park",3757,"Yan Yean",1.0000
20844,Edenhope,3318,Lowan,1.0000
20845,Edgecombe,3444,Macedon,1.0000
20846,Edi,3678,"Ovens Valley",1.0000
20847,"Edi Upper",3678,"Ovens Valley",1.0000
20848,Edithvale,3196,Mordialloc,1.0000
20849,Eganstown,3461,Macedon,1.0000
20850,Eildon,3713,Eildon,1.0000
20851,Elaine,3334,Eureka,1.0000
20852,Eldorado,3746,"Ovens Valley",1.0000
20853,"Elevated Plains",3461,Macedon,1.0000
20854,Elingamite,3266,Polwarth,1.0000
20855,"Elingamite North",3266,Polwarth,1.0000
20856,"Elizabeth Island",3921,Hastings,1.0000
20857,Ellaswood,3875,"Gippsland East",1.0000
20858,Ellerslie,3265,"South-West Coast",0.6624
20858,Ellerslie,3265,Lowan,0.3376
20859,Elliminyt,3250,Polwarth,1.0000
20860,Ellinbank,3821,Narracan,1.0000
20861,Elmhurst,3469,Ripon,1.0000
20862,Elmore,3558,"Bendigo East",1.0000
20863,Elphinstone,3448,Macedon,1.0000
20864,Elsternwick,3185,Caulfield,1.0000
20865,Eltham,3095,Eltham,1.0000
20866,"Eltham North",3095,Eltham,1.0000
20867,Elwood,3184,Brighton,0.9778
20867,Elwood,3184,"Albert Park",0.0222
20868,Emerald,3782,Monbulk,1.0000
20869,Emu,3475,Ripon,1.0000
20870,"Emu Creek",3551,"Bendigo East",1.0000
20871,"Endeavour Hills",3802,"Narre Warren North",1.0000
20872,Enfield,3352,Eureka,1.0000
20873,Englefield,3407,Lowan,1.0000
20874,"Enochs Point",3723,Eildon,1.0000
20875,Ensay,3895,"Gippsland East",1.0000
20876,"Ensay North",3895,"Gippsland East",1.0000
20877,Eppalock,3551,"Bendigo East",1.0000
20878,Epping,3076,"Mill Park",0.5344
20878,Epping,3076,Thomastown,0.4656
20879,Epsom,3551,"Bendigo East",1.0000
20880,Ercildoune,3352,Ripon,1.0000
20881,Erica,3825,Narracan,1.0000
20882,Errinundra,3889,"Gippsland East",1.0000
20883,Eskdale,3701,Benambra,1.0000
20884,Esmond,3730,"Ovens Valley",1.0000
20885,Essendon,3040,Essendon,0.7939
20885,Essendon,3040,Niddrie,0.2061
20886,"Essendon Fields",3041,Essendon,1.0000
20887,"Essendon North",3041,Essendon,1.0000
20888,"Essendon West",3040,Niddrie,1.0000
20889,Eumemmerring,3177,Dandenong,1.0000
20890,Eurack,3251,Polwarth,1.0000
20891,Eureka,3350,Eureka,1.0000
20892,Euroa,3666,Euroa,1.0000
20893,Eurobin,3739,"Ovens Valley",1.0000
20894,Evansford,3371,Ripon,1.0000
20895,Eversley,3377,Ripon,1.0000
20896,Everton,3678,"Ovens Valley",1.0000
20897,"Everton Upper",3678,"Ovens Valley",1.0000
20898,Exford,3338,Melton,1.0000
20899,Eynesbury,3338,Melton,1.0000
20900,Fairbank,3951,"Gippsland South",1.0000
20901,Fairfield,3078,Northcote,1.0000
20902,Fairhaven,3231,Polwarth,1.0000
20903,Fairley,3579,"Murray Plains",1.0000
20904,"Fairy Dell (Campaspe)",3561,"Murray Plains",1.0000
20905,"Fairy Dell (East Gippsland)",3875,"Gippsland East",1.0000
20906,"Falls Creek",3699,"Ovens Valley",1.0000
20907,Faraday,3451,"Bendigo West",1.0000
20908,Fawcett,3714,Eildon,1.0000
20909,Fawkner,3060,Broadmeadows,1.0000
20910,"Fentons Creek",3518,Ripon,1.0000
20911,Ferguson,3237,Polwarth,1.0000
20912,"Fern Hill",3458,Macedon,1.0000
20913,Fernbank,3864,"Gippsland East",1.0000
20914,Ferndale,3821,Narracan,1.0000
20915,Fernihurst,3518,"Murray Plains",1.0000
20916,Fernshaw,3778,Eildon,1.0000
20917,"Ferntree Gully",3156,Bayswater,0.6246
20917,"Ferntree Gully",3156,Monbulk,0.3594
20917,"Ferntree Gully",3156,Rowville,0.0160
20918,"Ferny Creek",3786,Monbulk,1.0000
20919,"Fiery Flat",3518,Ripon,1.0000
20920,Fingal,3939,Nepean,1.0000
20921,"Fish Creek",3959,"Gippsland South",1.0000
20922,"Fish Point",3585,"Murray Plains",1.0000
20923,Fiskville,3342,Eureka,1.0000
20924,Fitzroy,3065,Richmond,1.0000
20925,"Fitzroy North",3068,Brunswick,0.9985
20926,"Flaggy Creek",3875,"Gippsland East",1.0000
20927,Flagstaff,3465,Ripon,1.0000
20928,"Flamingo Beach",3851,"Gippsland South",1.0000
20929,Flemington,3031,Essendon,1.0000
20930,Flinders,3929,Nepean,1.0000
20931,"Flora Hill",3550,"Bendigo East",1.0000
20932,Flowerdale,3717,Eildon,1.0000
20933,Flynn,3844,Morwell,0.7514
20933,Flynn,3844,"Gippsland South",0.2486
20934,"Flynns Creek",3844,Morwell,1.0000
20935,Footscray,3011,Footscray,1.0000
20936,Forbes,3764,Euroa,1.0000
20937,"Forest Hill",3131,"Glen Waverley",0.7285
20937,"Forest Hill",3131,Ringwood,0.2715
20938,"Forge Creek",3875,"Gippsland East",1.0000
20939,Forrest,3236,Polwarth,1.0000
20940,Foster,3960,"Gippsland South",1.0000
20941,"Foster North",3960,"Gippsland South",1.0000
20942,Fosterville,3557,"Bendigo East",1.0000
20943,Foxhow,3323,Polwarth,1.0000
20944,Framlingham,3265,"South-West Coast",1.0000
20945,"Framlingham East",3265,"South-West Coast",1.0000
20946,Franklinford,3461,Macedon,1.0000
20947,Frankston,3199,Frankston,1.0000
20948,"Frankston North",3200,Frankston,1.0000
20949,"Frankston South",3199,Frankston,1.0000
20950,"Fraser Rise",3336,Sydenham,1.0000
20951,Freeburgh,3741,"Ovens Valley",1.0000
20952,"French Island",3921,Hastings,1.0000
20953,Frenchmans,3384,Ripon,1.0000
20954,"Freshwater Creek",3217,"South Barwon",0.5842
20954,"Freshwater Creek",3217,Polwarth,0.4158
20955,Fryerstown,3451,Macedon,1.0000
20956,Fulham,3851,"Gippsland South",1.0000
20957,Fumina,3825,Narracan,1.0000
20958,"Fumina South",3825,Narracan,1.0000
20959,"Fyans Creek",3381,Lowan,1.0000
20960,Fyansford,3218,Geelong,0.9486
20960,Fyansford,3218,Lara,0.0514
20961,"Gaffneys Creek",3723,Eildon,1.0000
20962,Gainsborough,3822,Narracan,1.0000
20963,Gannawarra,3568,"Murray Plains",1.0000
20964,Gapsted,3737,"Ovens Valley",1.0000
20965,Gardenvale,3185,Caulfield,1.0000
20966,Garfield,3814,Narracan,1.0000
20967,"Garfield North",3814,Narracan,1.0000
20968,Garibaldi,3352,Eureka,1.0000
20969,Garvoc,3265,"South-West Coast",1.0000
20970,"Gateway Island",3691,Benambra,1.0000
20971,Gatum,3407,Lowan,1.0000
20972,Gazette,3289,Lowan,1.0000
20973,Geelong,3220,Geelong,1.0000
20974,"Geelong West",3218,Geelong,1.0000
20975,Gelantipy,3885,"Gippsland East",1.0000
20976,Gellibrand,3239,Polwarth,1.0000
20977,"Gellibrand Lower",3237,Polwarth,1.0000
20978,Gelliondale,3971,"Gippsland South",1.0000
20979,Gembrook,3783,Monbulk,0.9926
20980,Genoa,3891,"Gippsland East",1.0000
20981,"Gentle Annie",3833,Narracan,1.0000
20982,"Georges Creek",3700,Benambra,1.0000
20983,Gerahmin,3546,Mildura,1.0000
20984,"Gerang Gerung",3418,Lowan,1.0000
20985,Gerangamete,3249,Polwarth,1.0000
20986,Germania,3387,Lowan,1.0000
20987,Germantown,3741,"Ovens Valley",1.0000
20988,Gerrigerrup,3289,"South-West Coast",1.0000
20989,Gherang,3240,Polwarth,1.0000
20990,Gheringhap,3331,Geelong,1.0000
20991,"Ghin Ghin",3717,Eildon,1.0000
20992,Giffard,3851,"Gippsland South",1.0000
20993,"Giffard West",3851,"Gippsland South",1.0000
20994,"Gil Gil",3480,Mildura,1.0000
20995,Gilderoy,3797,Eildon,1.0000
20996,Gillieston,3616,"Murray Plains",1.0000
20997,Gillum,3858,"Gippsland East",1.0000
20998,"Gipsy Point",3891,"Gippsland East",1.0000
20999,Girgarre,3624,Euroa,1.0000
21000,"Girgarre East",3616,Euroa,1.0000
21001,Gisborne,3437,Macedon,1.0000
21002,"Gisborne South",3437,Macedon,1.0000
21003,Gladfield,3575,"Murray Plains",1.0000
21004,"Gladstone Park",3043,Sunbury,1.0000
21005,Gladysdale,3797,Eildon,1.0000
21006,"Glen Alvie",3979,Bass,1.0000
21007,"Glen Creek",3691,"Ovens Valley",1.0000
21008,"Glen Forbes",3990,Bass,1.0000
21009,"Glen Huntly",3163,Caulfield,1.0000
21010,"Glen Iris",3146,Ashwood,0.5998
21010,"Glen Iris",3146,Malvern,0.3596
21010,"Glen Iris",3146,Hawthorn,0.0406
21011,"Glen Park",3352,Ripon,0.5238
21011,"Glen Park",3352,Eureka,0.4762
21012,"Glen Valley",3898,"Gippsland East",1.0000
21013,"Glen Waverley",3150,"Glen Waverley",0.9799
21013,"Glen Waverley",3150,Oakleigh,0.0201
21014,"Glen Wills",3898,"Gippsland East",1.0000
21015,Glenaire,3238,Polwarth,1.0000
21016,Glenaladale,3864,"Gippsland East",1.0000
21017,Glenalbyn,3517,Ripon,1.0000
21018,Glenaroua,3764,Euroa,1.0000
21019,Glenbrae,3352,Ripon,1.0000
21020,Glenburn,3717,Eildon,1.0000
21021,Glendaruel,3363,Ripon,1.0000
21022,Glendonald,3364,Ripon,1.0000
21023,Glenfalloch,3858,"Gippsland East",1.0000
21024,Glenfyne,3266,Polwarth,1.0000
21025,Glengarry,3854,Morwell,0.7832
21025,Glengarry,3854,"Gippsland South",0.2168
21026,"Glengarry North",3854,Morwell,1.0000
21027,"Glengarry West",3854,Morwell,1.0000
21028,Glengower,3370,Ripon,1.0000
21029,Glenhope,3444,Euroa,1.0000
21030,"Glenhope East",3522,Euroa,1.0000
21031,Glenisla,3314,Lowan,1.0000
21032,Glenlee,3418,Lowan,1.0000
21033,Glenlofty,3469,Ripon,1.0000
21034,Glenlogie,3469,Ripon,1.0000
21035,Glenloth,3527,Mildura,1.0000
21036,"Glenloth East",3527,Mildura,0.5294
21036,"Glenloth East",3527,"Murray Plains",0.4706
21037,Glenluce,3451,Macedon,1.0000
21038,Glenlyon,3461,Macedon,1.0000
21039,Glenmaggie,3858,"Gippsland East",1.0000
21040,Glenmore,3340,Eureka,1.0000
21041,Glenorchy,3385,Lowan,1.0000
21042,"Glenormiston North",3265,"South-West Coast",1.0000
21043,"Glenormiston South",3265,"South-West Coast",1.0000
21044,Glenpatrick,3469,Ripon,1.0000
21045,Glenrowan,3675,"Ovens Valley",1.0000
21046,"Glenrowan West",3675,Euroa,1.0000
21047,Glenroy,3046,Broadmeadows,1.0000
21048,Glenthompson,3293,Lowan,1.0000
21049,"Glomar Beach",3851,"Gippsland South",1.0000
21050,Gnarwarre,3221,"South Barwon",1.0000
21051,Gnotuk,3260,Polwarth,1.0000
21052,Gobarup,3559,Euroa,1.0000
21053,Gobur,3719,Eildon,1.0000
21054,"Golden Beach",3851,"Gippsland South",1.0000
21055,"Golden Gully",3555,"Bendigo East",1.0000
21056,"Golden Point (Ballarat)",3350,Eureka,1.0000
21057,"Golden Point (Mount Alexander)",3451,"Bendigo West",1.0000
21058,"Golden Square",3555,"Bendigo West",0.9017
21058,"Golden Square",3555,"Bendigo East",0.0983
21059,Goldie,3435,Macedon,1.0000
21060,Goldsborough,3472,Ripon,1.0000
21061,"Gong Gong",3352,Eureka,1.0000
21062,"Gonn Crossing",3579,"Murray Plains",1.0000
21063,Goomalibee,3673,Euroa,1.0000
21064,"Goon Nure",3875,"Gippsland East",1.0000
21065,Goongerah,3888,"Gippsland East",1.0000
21066,Gooram,3666,Euroa,1.0000
21067,Gooramadda,3685,Benambra,1.0000
21068,Goorambat,3725,Euroa,1.0000
21069,Goornong,3557,"Bendigo East",1.0000
21070,Gooroc,3477,Ripon,1.0000
21071,Gorae,3305,"South-West Coast",1.0000
21072,"Gorae West",3305,"South-West Coast",1.0000
21073,Gordon,3345,Eureka,1.0000
21074,Gormandale,3873,"Gippsland South",1.0000
21075,Goroke,3412,Lowan,1.0000
21076,Goschen,3585,"Murray Plains",1.0000
21077,"Goughs Bay",3723,Eildon,1.0000
21078,"Goulburn Weir",3608,Euroa,1.0000
21079,Gowanbrae,3043,Niddrie,1.0000
21080,Gowanford,3544,"Murray Plains",1.0000
21081,Gowangardie,3669,Euroa,1.0000
21082,"Gowar East",3477,Ripon,1.0000
21083,Gower,3463,"Bendigo West",1.0000
21084,Grahamvale,3631,Shepparton,1.0000
21085,Grampians,3314,Lowan,1.0000
21086,"Grand Ridge",3870,"Gippsland South",1.0000
21087,Grangefields,3335,Melton,1.0000
21088,"Granite Rock",3875,"Gippsland East",1.0000
21089,Grantville,3984,Bass,1.0000
21090,Granya,3701,Benambra,1.0000
21091,Grassdale,3302,Lowan,1.0000
21092,Grassmere,3281,"South-West Coast",1.0000
21093,"Grays Bridge",3477,Ripon,1.0000
21094,Graytown,3608,Euroa,1.0000
21095,"Gre Gre",3477,Ripon,1.0000
21096,"Gre Gre North",3477,Ripon,1.0000
21097,"Gre Gre South",3477,Ripon,1.0000
21098,"Great Western",3374,Lowan,1.0000
21099,Gredgwin,3537,"Murray Plains",1.0000
21100,"Green Gully",3462,"Bendigo West",1.0000
21101,Greendale,3341,Eureka,1.0000
21102,Greenhill,3444,Macedon,1.0000
21103,"Greens Creek",3387,Ripon,1.0000
21104,Greensborough,3088,Bundoora,0.7651
21104,Greensborough,3088,Eltham,0.2349
21105,Greenvale,3059,Greenvale,1.0000
21106,Greenwald,3304,"South-West Coast",1.0000
21107,Grenville,3352,Eureka,1.0000
21108,Greta,3675,"Ovens Valley",1.0000
21109,"Greta South",3675,"Ovens Valley",1.0000
21110,"Greta West",3675,"Ovens Valley",1.0000
21111,"Grey River",3234,Polwarth,1.0000
21112,Gringegalgona,3315,Lowan,1.0000
21113,Gritjurk,3315,Lowan,1.0000
21114,Grovedale,3216,"South Barwon",1.0000
21115,Gruyere,3770,Evelyn,1.0000
21116,Guildford,3451,"Bendigo West",0.9012
21116,Guildford,3451,Macedon,0.0988
21117,Gunbower,3566,"Murray Plains",1.0000
21118,Gundowring,3691,Benambra,0.8131
21118,Gundowring,3691,"Ovens Valley",0.1869
21119,Gunyah,3960,"Gippsland South",1.0000
21120,"Guys Forest",3709,Benambra,1.0000
21121,"Guys Hill",3807,Berwick,1.0000
21122,Gymbowen,3401,Lowan,1.0000
21123,Haddon,3351,Ripon,1.0000
21124,Hadfield,3046,Broadmeadows,0.9721
21124,Hadfield,3046,"Pascoe Vale",0.0279
21125,Hallam,3803,"Narre Warren North",1.0000
21126,Hallora,3818,Narracan,1.0000
21127,"Halls Gap",3381,Lowan,1.0000
21128,Hallston,3953,"Gippsland South",1.0000
21129,Hamilton,3300,Lowan,1.0000
21130,"Hamlyn Heights",3215,Lara,1.0000
21131,Hampton,3188,Brighton,0.6616
21131,Hampton,3188,Sandringham,0.3384
21132,"Hampton East",3188,Brighton,0.5455
21132,"Hampton East",3188,Sandringham,0.4545
21133,"Hampton Park",3976,"Narre Warren South",1.0000
21134,Hansonville,3675,"Ovens Valley",1.0000
21135,"Happy Valley (Golden Plains)",3360,Ripon,1.0000
21136,"Happy Valley (Swan Hill)",3549,Mildura,1.0000
21137,Harcourt,3453,"Bendigo West",1.0000
21138,"Harcourt North",3453,"Bendigo East",0.5524
21138,"Harcourt North",3453,"Bendigo West",0.4476
21139,Harkaway,3806,Berwick,0.8969
21139,Harkaway,3806,"Narre Warren North",0.1031
21140,Harkness,3337,Melton,1.0000
21141,"Harmers Haven",3995,Bass,1.0000
21142,Harrietville,3741,"Ovens Valley",1.0000
21143,Harrow,3317,Lowan,1.0000
21144,Harston,3616,Euroa,1.0000
21145,Hastings,3915,Hastings,1.0000
21146,Hattah,3501,Mildura,1.0000
21147,Havelock,3465,Ripon,1.0000
21148,Haven,3401,Lowan,1.0000
21149,Havilah,3737,"Ovens Valley",1.0000
21150,Hawkesdale,3287,"South-West Coast",1.0000
21151,Hawkhurst,3862,"Gippsland East",1.0000
21152,Hawthorn,3122,Hawthorn,1.0000
21153,"Hawthorn East",3123,Hawthorn,1.0000
21154,"Hazel Park",3966,"Gippsland South",1.0000
21155,Hazelwood,3840,Morwell,1.0000
21156,"Hazelwood North",3840,Morwell,1.0000
21157,"Hazelwood South",3840,Morwell,1.0000
21158,Healesville,3777,Eildon,1.0000
21159,"Heath Hill",3981,Bass,0.5729
21159,"Heath Hill",3981,Narracan,0.4271
21160,Heathcote,3523,Euroa,1.0000
21161,"Heathcote Junction",3758,"Yan Yean",1.0000
21162,"Heathcote South",3523,Euroa,1.0000
21163,Heatherton,3202,Clarinda,1.0000
21164,Heathmere,3305,"South-West Coast",1.0000
21165,Heathmont,3135,Ringwood,1.0000
21166,Hedley,3967,"Gippsland South",1.0000
21167,Heidelberg,3084,Ivanhoe,1.0000
21168,"Heidelberg Heights",3081,Ivanhoe,1.0000
21169,"Heidelberg West",3081,Ivanhoe,1.0000
21170,"Hensley Park",3301,Lowan,1.0000
21171,Henty,3312,Lowan,1.0000
21172,Hepburn,3461,Macedon,1.0000
21173,"Hepburn Springs",3461,Macedon,1.0000
21174,"Herne Hill",3218,Geelong,1.0000
21175,"Hernes Oak",3825,Morwell,1.0000
21176,Hesket,3442,Macedon,1.0000
21177,Hesse,3321,Eureka,1.0000
21178,Hexham,3273,Lowan,1.0000
21179,Heyfield,3858,"Gippsland East",0.9766
21179,Heyfield,3858,"Gippsland South",0.0234
21180,"Heytesbury Lower",3268,Polwarth,1.0000
21181,Heywood,3304,"South-West Coast",1.0000
21182,Hiamdale,3847,"Gippsland South",1.0000
21183,Hiawatha,3971,"Gippsland South",1.0000
21184,"High Camp",3764,Euroa,1.0000
21185,Highett,3190,Sandringham,0.7540
21185,Highett,3190,Bentleigh,0.2460
21186,Highlands,3660,Eildon,0.7857
21186,Highlands,3660,Euroa,0.2143
21187,Highton,3216,"South Barwon",1.0000
21188,Hilgay,3315,Lowan,1.0000
21189,"Hill End",3825,Narracan,1.0000
21190,Hillcrest,3351,Ripon,1.0000
21191,Hilldene,3660,Euroa,1.0000
21192,"Hillside (East Gippsland)",3875,"Gippsland East",1.0000
21193,"Hillside (Melton)",3037,Sydenham,1.0000
21194,Hinnomunjie,3898,"Gippsland East",1.0000
21195,"Hmas Cerberus",3920,Hastings,1.0000
21196,"Hoddles Creek",3139,Eildon,1.0000
21197,"Hollands Landing",3862,"Gippsland East",1.0000
21198,Homebush,3465,Ripon,1.0000
21199,Homerton,3304,"South-West Coast",1.0000
21200,Homewood,3717,Eildon,1.0000
21201,Hopetoun,3396,Mildura,1.0000
21202,"Hopetoun Park",3340,Melton,1.0000
21203,"Hoppers Crossing",3029,Tarneit,1.0000
21204,"Hordern Vale",3238,Polwarth,1.0000
21205,Horfield,3567,"Murray Plains",1.0000
21206,Horsham,3400,Lowan,1.0000
21207,"Hotham Heights",3741,"Ovens Valley",1.0000
21208,Hotspur,3303,"South-West Coast",0.8571
21208,Hotspur,3303,Lowan,0.1429
21209,"Howes Creek",3723,Eildon,1.0000
21210,"Howitt Plains",3858,"Gippsland East",0.9106
21210,"Howitt Plains",3858,Eildon,0.0894
21211,Howqua,3723,Eildon,1.0000
21212,"Howqua Hills",3723,Eildon,1.0000
21213,"Howqua Inlet",3723,Eildon,1.0000
21214,Hughesdale,3166,Oakleigh,1.0000
21215,Humevale,3757,"Yan Yean",0.9322
21215,Humevale,3757,Eildon,0.0678
21216,Hunter,3558,"Bendigo East",1.0000
21217,Hunterston,3971,"Gippsland South",1.0000
21218,Huntingdale,3166,Oakleigh,1.0000
21219,Huntly,3551,"Bendigo East",1.0000
21220,"Huntly North",3551,"Bendigo East",1.0000
21221,Huon,3695,Benambra,1.0000
21222,"Huon Creek",3691,Benambra,1.0000
21223,Hurstbridge,3099,Eildon,1.0000
21224,"Icy Creek",3833,Narracan,1.0000
21225,"Iguana Creek",3875,"Gippsland East",1.0000
21226,Illabarook,3351,Eureka,1.0000
21227,Illawarra,3381,Lowan,1.0000
21228,Illowa,3282,"South-West Coast",1.0000
21229,"Indented Head",3223,Bellarine,1.0000
21230,"Indigo Valley",3688,Benambra,1.0000
21231,Inglewood,3517,Ripon,1.0000
21232,Ingliston,3342,Eureka,1.0000
21233,Invergordon,3636,"Ovens Valley",1.0000
21234,Inverleigh,3321,Eureka,0.9600
21234,Inverleigh,3321,Polwarth,0.0400
21235,Inverloch,3996,Bass,0.9929
21236,Invermay,3352,Ripon,1.0000
21237,"Invermay Park",3350,Wendouree,1.0000
21238,Iona,3815,Narracan,1.0000
21239,Iraak,3494,Mildura,1.0000
21240,Irishtown,3451,Macedon,1.0000
21241,Ironbark,3550,"Bendigo West",1.0000
21242,Irrewarra,3249,Polwarth,1.0000
21243,Irrewillipe,3249,Polwarth,1.0000
21244,"Irrewillipe East",3249,Polwarth,1.0000
21245,Irymple,3498,Mildura,1.0000
21246,Ivanhoe,3079,Ivanhoe,1.0000
21247,"Ivanhoe East","3079 3084",Ivanhoe,1.0000
21248,Jacana,3047,Broadmeadows,1.0000
21249,"Jack River",3971,"Gippsland South",1.0000
21250,"Jackass Flat",3556,"Bendigo East",1.0000
21251,"Jacob Creek",3825,Narracan,1.0000
21252,"Jam Jerrup",3984,Bass,1.0000
21253,Jamieson,3723,Eildon,1.0000
21254,"Jan Juc",3228,Polwarth,1.0000
21255,Jancourt,3266,Polwarth,1.0000
21256,"Jancourt East",3266,Polwarth,1.0000
21257,Jarklin,3517,"Murray Plains",1.0000
21258,Jarrahmond,3888,"Gippsland East",1.0000
21259,"Jarvis Creek",3700,Benambra,1.0000
21260,Jeeralang,3840,"Gippsland South",0.6447
21260,Jeeralang,3840,Morwell,0.3553
21261,"Jeeralang Junction",3840,"Gippsland South",1.0000
21262,Jeetho,3945,"Gippsland South",1.0000
21263,Jeffcott,3480,Mildura,1.0000
21264,"Jeffcott North",3480,Mildura,1.0000
21265,Jeparit,3423,Lowan,1.0000
21266,Jericho,3825,Narracan,1.0000
21267,Jeruk,3527,Mildura,1.0000
21268,"Jil Jil",3483,Mildura,1.0000
21269,Jindivick,3818,Narracan,1.0000
21270,"Joel Joel",3384,Ripon,1.0000
21271,"Joel South",3384,Lowan,1.0000
21272,Johanna,3238,Polwarth,1.0000
21273,Johnsonville,3902,"Gippsland East",1.0000
21274,"Joyces Creek",3364,"Bendigo West",1.0000
21275,Jumbuk,3869,"Gippsland South",1.0000
21276,Jumbunna,3951,"Gippsland South",1.0000
21277,"Junction Village",3977,Cranbourne,1.0000
21278,Jungaburra,3575,"Murray Plains",1.0000
21279,Junortoun,3551,"Bendigo East",1.0000
21280,Kaarimba,3635,Shepparton,1.0000
21281,Kadnook,3318,Lowan,1.0000
21282,Kalimna,3909,"Gippsland East",1.0000
21283,"Kalimna West",3909,"Gippsland East",1.0000
21284,Kalkallo,3064,Kalkallo,1.0000
21285,Kalkee,3401,Lowan,1.0000
21286,Kallista,3791,Monbulk,1.0000
21287,Kalorama,3766,Monbulk,0.9531
21287,Kalorama,3766,Evelyn,0.0469
21288,Kalpienung,3529,Mildura,1.0000
21289,Kamarooka,3570,"Bendigo East",1.0000
21290,"Kamarooka North",3571,"Bendigo East",1.0000
21291,Kanagulk,3401,Lowan,1.0000
21292,Kancoona,3691,"Ovens Valley",1.0000
21293,"Kangaroo Flat",3555,"Bendigo West",0.9614
21293,"Kangaroo Flat",3555,"Bendigo East",0.0386
21294,"Kangaroo Ground",3097,Eildon,1.0000
21295,Kaniva,3419,Lowan,1.0000
21296,Kanumbra,3719,Eildon,1.0000
21297,Kanya,3387,Ripon,1.0000
21298,Kanyapella,3564,"Murray Plains",1.0000
21299,Karabeal,3294,Lowan,1.0000
21300,Kardella,3951,"Gippsland South",1.0000
21301,"Kardella South",3950,"Gippsland South",1.0000
21302,Kariah,3260,Polwarth,1.0000
21303,Karnak,3401,Lowan,1.0000
21304,Karramomus,3631,Euroa,1.0000
21305,Karyrie,3483,Mildura,1.0000
21306,Katamatite,3649,"Ovens Valley",1.0000
21307,"Katamatite East",3649,"Ovens Valley",1.0000
21308,Katandra,3634,Shepparton,1.0000
21309,"Katandra West",3634,Shepparton,1.0000
21310,Katunga,3640,Shepparton,0.9113
21310,Katunga,3640,"Ovens Valley",0.0887
21311,Kawarren,3249,Polwarth,1.0000
21312,Kealba,3021,"St Albans",1.0000
21313,Keely,3568,"Murray Plains",1.0000
21314,Keilor,3036,Niddrie,0.9895
21314,Keilor,3036,Sunbury,0.0105
21315,"Keilor Downs",3038,"St Albans",1.0000
21316,"Keilor East",3033,Niddrie,1.0000
21317,"Keilor Lodge",3038,Niddrie,1.0000
21318,"Keilor North",3036,Sydenham,1.0000
21319,"Keilor Park",3042,Niddrie,1.0000
21320,Kellalac,3393,Lowan,1.0000
21321,"Kelvin View",3666,Euroa,1.0000
21322,Kenley,3597,Mildura,1.0000
21323,Kenmare,3395,Lowan,1.0000
21324,"Kennedys Creek",3239,Polwarth,1.0000
21325,"Kennett River",3234,Polwarth,1.0000
21326,Kennington,3550,"Bendigo East",1.0000
21327,Kensington,3031,Melbourne,1.0000
21328,Kerang,3579,"Murray Plains",1.0000
21329,"Kerang East",3579,"Murray Plains",1.0000
21330,Kergunyah,3691,Benambra,1.0000
21331,"Kergunyah South",3691,"Ovens Valley",1.0000
21332,Kernot,3979,Bass,1.0000
21333,Kerrie,3434,Macedon,1.0000
21334,Kerrisdale,3660,Eildon,1.0000
21335,Kevington,3723,Eildon,1.0000
21336,Kew,3101,Kew,1.0000
21337,"Kew East",3102,Kew,1.0000
21338,Kewell,3390,Lowan,1.0000
21339,Keysborough,3173,Mordialloc,0.4974
21339,Keysborough,3173,Dandenong,0.3550
21339,Keysborough,3173,Clarinda,0.1477
21340,Kialla,3631,Shepparton,1.0000
21341,"Kialla East",3631,Shepparton,1.0000
21342,"Kialla West",3631,Shepparton,1.0000
21343,Kiata,3418,Lowan,1.0000
21344,Kiewa,3691,Benambra,1.0000
21345,Kilcunda,3995,Bass,1.0000
21346,"Killara (Glenelg)",3312,Lowan,1.0000
21347,"Killara (Wodonga)",3691,Benambra,1.0000
21348,Killarney,3283,"South-West Coast",1.0000
21349,Killawarra,3678,"Ovens Valley",1.0000
21350,Killingworth,3717,Eildon,1.0000
21351,Kilmany,3851,"Gippsland South",1.0000
21352,Kilmore,3764,Euroa,1.0000
21353,"Kilmore East",3764,Euroa,1.0000
21354,Kilsyth,3137,Croydon,0.9759
21354,Kilsyth,3137,Monbulk,0.0241
21355,"Kilsyth South",3137,Croydon,1.0000
21356,Kimbolton,3551,Euroa,1.0000
21357,"King Valley",3678,"Ovens Valley",1.0000
21358,Kinglake,3763,Eildon,1.0000
21359,"Kinglake Central",3757,Eildon,1.0000
21360,"Kinglake West",3757,Eildon,1.0000
21361,Kingower,3517,Ripon,1.0000
21362,"Kings Park",3021,Kororoit,1.0000
21363,Kingsbury,3083,Bundoora,1.0000
21364,Kingston,3364,Ripon,1.0000
21365,Kingsville,3012,Footscray,1.0000
21366,Kinnabulla,3483,Mildura,1.0000
21367,Kinypanial,3520,Ripon,1.0000
21368,Kirkstall,3283,"South-West Coast",1.0000
21369,"Kirwans Bridge",3608,Euroa,1.0000
21370,Kithbrook,3666,Euroa,1.0000
21371,Knebsworth,3286,"South-West Coast",1.0000
21372,Knockwood,3723,Eildon,1.0000
21373,Knowsley,3523,Euroa,1.0000
21374,Knoxfield,3180,Rowville,1.0000
21375,Koallah,3260,Polwarth,1.0000
21376,Koetong,3704,Benambra,1.0000
21377,Kolora,3265,"South-West Coast",0.5761
21377,Kolora,3265,Lowan,0.4239
21378,Kongwak,3951,"Gippsland South",0.8276
21378,Kongwak,3951,Bass,0.1724
21379,Konongwootong,3315,Lowan,1.0000
21380,"Koo Wee Rup",3981,Bass,1.0000
21381,"Koo Wee Rup North",3981,Narracan,1.0000
21382,Kooloonong,3597,Mildura,1.0000
21383,Koonda,3669,Euroa,1.0000
21384,Koondrook,3580,"Murray Plains",1.0000
21385,Koonoomoo,3644,"Ovens Valley",1.0000
21386,Koonwarra,3954,"Gippsland South",1.0000
21387,Kooreh,3477,Ripon,1.0000
21388,Koorlong,3501,Mildura,1.0000
21389,Koornalla,3844,Morwell,1.0000
21390,Kooroocheang,3364,Ripon,1.0000
21391,Koorool,3860,"Gippsland East",1.0000
21392,Koorooman,3953,"Gippsland South",1.0000
21393,Kooyong,3144,Malvern,1.0000
21394,Koriella,3714,Eildon,1.0000
21395,Korobeit,3341,Eureka,1.0000
21396,Koroit,3282,"South-West Coast",1.0000
21397,"Korong Vale",3520,Ripon,1.0000
21398,Koroop,3579,"Murray Plains",1.0000
21399,Korumburra,3950,"Gippsland South",1.0000
21400,"Korumburra South",3950,"Gippsland South",1.0000
21401,Korweinguboora,3461,Macedon,1.0000
21402,Kotta,3565,"Murray Plains",1.0000
21403,Kotupna,3638,Shepparton,1.0000
21404,Koyuga,3622,"Murray Plains",1.0000
21405,Krowera,3945,Bass,1.0000
21406,Kulwin,3490,Mildura,1.0000
21407,Kunat,3585,"Murray Plains",1.0000
21408,Kurraca,3518,Ripon,1.0000
21409,"Kurraca West",3518,Ripon,1.0000
21410,Kurting,3517,Ripon,1.0000
21411,Kurunjang,3337,Melton,1.0000
21412,Kyabram,3620,"Murray Plains",0.9842
21412,Kyabram,3620,Euroa,0.0158
21413,"Kyabram South",3620,Euroa,1.0000
21414,Kyneton,3444,Macedon,1.0000
21415,"Kyneton South",3444,Macedon,1.0000
21416,Kyvalley,3621,"Murray Plains",1.0000
21417,Laanecoorie,3463,Ripon,1.0000
21418,Laang,3265,"South-West Coast",1.0000
21419,Labertouche,3816,Narracan,1.0000
21420,Laceby,3678,"Ovens Valley",1.0000
21421,"Ladys Pass",3523,Euroa,1.0000
21422,Laen,3480,Mildura,1.0000
21423,"Laen East",3480,Mildura,1.0000
21424,"Laen North",3480,Mildura,1.0000
21425,Lah,3393,Lowan,1.0000
21426,Laharum,3401,Lowan,1.0000
21427,"Lake Boga",3584,"Murray Plains",1.0000
21428,"Lake Bolac",3351,Lowan,1.0000
21429,"Lake Bunga",3909,"Gippsland East",1.0000
21430,"Lake Charm",3581,"Murray Plains",1.0000
21431,"Lake Condah",3303,"South-West Coast",1.0000
21432,"Lake Eildon",3713,Eildon,1.0000
21433,"Lake Eppalock","3444 3523 3551",Euroa,1.0000
21434,"Lake Fyans",3381,Lowan,1.0000
21435,"Lake Gardens",3355,Wendouree,1.0000
21436,"Lake Goldsmith",3373,Ripon,1.0000
21437,"Lake Lonsdale",3381,Lowan,1.0000
21438,"Lake Marmal",3525,"Murray Plains",1.0000
21439,"Lake Meran",3579,"Murray Plains",1.0000
21440,"Lake Mundi",3312,Lowan,1.0000
21441,"Lake Powell",3597,Mildura,1.0000
21442,"Lake Rowan",3727,"Ovens Valley",1.0000
21443,"Lake Tyers",3887,"Gippsland East",1.0000
21444,"Lake Tyers Beach",3909,"Gippsland East",1.0000
21445,"Lake Tyrrell",3533,Mildura,1.0000
21446,"Lake Wellington",3851,"Gippsland South",1.0000
21447,"Lake Wendouree",3350,Wendouree,1.0000
21448,"Lake Wongan",3373,Ripon,1.0000
21449,"Lakes Entrance",3909,"Gippsland East",1.0000
21450,"Lal Lal",3352,Eureka,1.0000
21451,Lalbert,3542,"Murray Plains",1.0000
21452,Lalor,3075,Thomastown,1.0000
21453,Lamplough,3352,Ripon,1.0000
21454,Lancaster,3620,"Murray Plains",1.0000
21455,"Lance Creek",3995,Bass,1.0000
21456,Lancefield,3435,Macedon,1.0000
21457,Landsborough,3384,Ripon,1.0000
21458,"Landsborough West",3384,Ripon,1.0000
21459,"Lang Lang",3984,Bass,0.9946
21460,"Lang Lang East",3984,Bass,1.0000
21461,"Langdons Hill",3363,Ripon,1.0000
21462,"Langi Kal Kal",3352,Ripon,1.0000
21463,"Langi Logan",3377,Ripon,1.0000
21464,Langkoop,3318,Lowan,1.0000
21465,Langley,3444,Macedon,1.0000
21466,Langsborough,3971,"Gippsland South",1.0000
21467,Langwarrin,3910,Hastings,1.0000
21468,"Langwarrin South",3911,Hastings,1.0000
21469,Lara,3212,Lara,1.0000
21470,Lardner,3821,Narracan,1.0000
21471,Larpent,3249,Polwarth,1.0000
21472,Lascelles,3487,Mildura,1.0000
21473,"Launching Place",3139,Eildon,1.0000
21474,Lauriston,3444,Macedon,1.0000
21475,"Lavers Hill",3238,Polwarth,1.0000
21476,Laverton,3028,Laverton,1.0000
21477,"Laverton North",3026,Laverton,1.0000
21478,Lawler,3480,Mildura,1.0000
21479,Lawloit,3418,Lowan,1.0000
21480,Lawrence,3364,Ripon,1.0000
21481,Leaghur,3537,"Murray Plains",1.0000
21482,Learmonth,3352,Ripon,1.0000
21483,Ledcourt,3385,Lowan,1.0000
21484,Leichardt,3516,"Bendigo West",0.7791
21484,Leichardt,3516,Ripon,0.2209
21485,"Leigh Creek",3352,Eureka,1.0000
21486,Leitchville,3567,"Murray Plains",1.0000
21487,Lemnos,3631,Shepparton,1.0000
21488,Leneva,3691,Benambra,1.0000
21489,"Leonards Hill",3461,Macedon,1.0000
21490,Leongatha,3953,"Gippsland South",1.0000
21491,"Leongatha North",3953,"Gippsland South",1.0000
21492,"Leongatha South",3953,"Gippsland South",1.0000
21493,Leopold,3224,Bellarine,1.0000
21494,Lerderderg,3458,Macedon,1.0000
21495,"Leslie Manor",3260,Polwarth,1.0000
21496,Lethbridge,3332,Eureka,1.0000
21497,Lexton,3352,Ripon,1.0000
21498,Licola,3858,"Gippsland East",1.0000
21499,"Licola North",3858,"Gippsland East",1.0000
21500,Lillico,3820,Narracan,1.0000
21501,Lillicur,3371,Ripon,1.0000
21502,Lillimur,3420,Lowan,1.0000
21503,Lilliput,3682,Benambra,1.0000
21504,Lilydale,3140,Evelyn,1.0000
21505,Lima,3673,Euroa,1.0000
21506,"Lima East",3673,Euroa,1.0000
21507,"Lima South",3673,Euroa,1.0000
21508,Limestone,3717,Eildon,1.0000
21509,Lindenow,3865,"Gippsland East",1.0000
21510,"Lindenow South",3875,"Gippsland East",1.0000
21511,Lindsay,3312,Lowan,1.0000
21512,"Lindsay Point",3496,Mildura,1.0000
21513,Linga,3509,Mildura,1.0000
21514,Linton,3360,Ripon,1.0000
21515,Liparoo,3549,Mildura,1.0000
21516,Lismore,3324,Polwarth,1.0000
21517,Litchfield,3480,Mildura,1.0000
21518,"Little Desert",3418,Lowan,1.0000
21519,"Little Hampton",3458,Macedon,1.0000
21520,"Little River",3211,Werribee,0.5449
21520,"Little River",3211,Lara,0.4551
21521,Llanelly,3551,Ripon,1.0000
21522,Llowalong,3862,"Gippsland East",1.0000
21523,Loch,3945,"Gippsland South",0.7422
21523,Loch,3945,Bass,0.2578
21524,"Loch Sport",3851,"Gippsland South",1.0000
21525,"Loch Valley",3833,Narracan,1.0000
21526,Lockington,3563,"Murray Plains",1.0000
21527,Locksley,3665,Euroa,1.0000
21528,Lockwood,3551,"Bendigo West",1.0000
21529,"Lockwood South",3551,"Bendigo West",1.0000
21530,"Loddon Vale",3575,"Murray Plains",1.0000
21531,Logan,3475,Ripon,1.0000
21532,Londrigan,3678,"Ovens Valley",1.0000
21533,"Long Forest",3340,Melton,1.0000
21534,"Long Gully",3550,"Bendigo West",1.0000
21535,Longerenong,3401,Lowan,1.0000
21536,Longford,3851,"Gippsland South",1.0000
21537,Longlea,3551,"Bendigo East",1.0000
21538,Longwarry,3816,Narracan,1.0000
21539,"Longwarry North",3816,Narracan,1.0000
21540,Longwood,3665,Euroa,1.0000
21541,"Longwood East",3666,Euroa,1.0000
21542,Lorne,3232,Polwarth,1.0000
21543,Lorquon,3418,Lowan,1.0000
21544,"Lovely Banks",3213,Lara,1.0000
21545,"Lower Moira",3639,Shepparton,1.0000
21546,"Lower Norton",3401,Lowan,1.0000
21547,"Lower Plenty",3093,Eltham,1.0000
21548,"Loy Yang",3844,Morwell,1.0000
21549,Lubeck,3385,Lowan,1.0000
21550,Lucas,3350,Ripon,1.0000
21551,Lucknow,3875,"Gippsland East",1.0000
21552,Lucyvale,3691,Benambra,1.0000
21553,Lurg,3673,Euroa,1.0000
21554,Lynbrook,3975,"Narre Warren South",1.0000
21555,Lyndhurst,3975,Carrum,1.0000
21556,Lyons,3304,"South-West Coast",1.0000
21557,Lyonville,3461,Macedon,1.0000
21558,Lysterfield,3156,Rowville,0.9795
21558,Lysterfield,3156,Monbulk,0.0205
21559,"Lysterfield South",3156,"Narre Warren North",1.0000
21560,Macarthur,3286,"South-West Coast",1.0000
21561,Macclesfield,3782,Monbulk,1.0000
21562,Macedon,3440,Macedon,1.0000
21563,"Macks Creek",3971,"Gippsland South",1.0000
21564,Macleod,3085,Ivanhoe,0.5112
21564,Macleod,3085,Bundoora,0.4888
21565,Macorna,3579,"Murray Plains",1.0000
21566,"Macorna North",3568,"Murray Plains",1.0000
21567,"Macs Cove",3723,Eildon,1.0000
21568,Madalya,3971,"Gippsland South",1.0000
21569,Maddingley,3340,Eureka,1.0000
21570,Mafeking,3379,Lowan,1.0000
21571,Maffra,3860,"Gippsland East",1.0000
21572,"Maffra West Upper",3859,"Gippsland East",1.0000
21573,Magpie,3352,Eureka,1.0000
21574,"Maiden Gully",3551,"Bendigo West",1.0000
21575,Maidstone,3012,Footscray,1.0000
21576,"Mailors Flat",3275,"South-West Coast",1.0000
21577,"Main Lead",3373,Ripon,1.0000
21578,"Main Ridge",3928,Nepean,1.0000
21579,Maindample,3723,Eildon,1.0000
21580,Maintongoon,3714,Eildon,1.0000
21581,"Major Plains",3725,Shepparton,0.7576
21581,"Major Plains",3725,Euroa,0.2424
21582,Majorca,3465,Ripon,1.0000
21583,Maldon,3463,"Bendigo West",1.0000
21584,Mallacoota,3892,"Gippsland East",1.0000
21585,Malmsbury,3446,Macedon,1.0000
21586,Malvern,3144,Malvern,1.0000
21587,"Malvern East",3145,Malvern,1.0000
21588,Mambourin,3024,Werribee,1.0000
21589,Manangatang,3546,Mildura,1.0000
21590,Mandurang,3551,"Bendigo East",1.0000
21591,"Mandurang South",3551,"Bendigo East",1.0000
21592,Mangalore,3663,Euroa,1.0000
21593,"Manifold Heights",3218,Geelong,1.0000
21594,Mannerim,3222,Bellarine,1.0000
21595,Mannibadar,3360,Eureka,1.0000
21596,"Manns Beach",3971,"Gippsland South",1.0000
21597,"Manor Lakes",3024,Werribee,1.0000
21598,Manorina,3889,"Gippsland East",1.0000
21599,Mansfield,3722,Eildon,1.0000
21600,"Maramingo Creek",3891,"Gippsland East",1.0000
21601,"Marcus Hill",3222,Bellarine,1.0000
21602,Mardan,3953,"Gippsland South",1.0000
21603,Marengo,3233,Polwarth,1.0000
21604,Maribyrnong,3032,Footscray,1.0000
21605,Marionvale,3634,Shepparton,1.0000
21606,Markwood,3678,"Ovens Valley",1.0000
21607,Marlbed,3483,Mildura,1.0000
21608,Marlo,3888,"Gippsland East",1.0000
21609,Marnoo,3387,Ripon,1.0000
21610,"Marnoo East",3477,Ripon,1.0000
21611,"Marnoo West",3387,Ripon,1.0000
21612,Marong,3515,"Bendigo West",0.9880
21612,Marong,3515,Ripon,0.0120
21613,Maroona,3377,Lowan,1.0000
21614,Marraweeney,3669,Euroa,1.0000
21615,Marshall,3216,"South Barwon",1.0000
21616,Marthavale,3875,"Gippsland East",1.0000
21617,Marungi,3634,"Ovens Valley",0.5361
21617,Marungi,3634,Shepparton,0.4639
21618,Maryborough,3465,Ripon,1.0000
21619,Maryknoll,3812,Narracan,1.0000
21620,Marysville,3779,Eildon,1.0000
21621,Maryvale,3840,Morwell,1.0000
21622,Massey,3482,Mildura,1.0000
21623,Matlock,3723,Eildon,1.0000
21624,Maude,3331,Eureka,1.0000
21625,McCrae,3938,Nepean,1.0000
21626,McIntyre,3472,Ripon,1.0000
21627,"McKenzie Creek",3401,Lowan,1.0000
21628,"McKenzie Hill",3451,"Bendigo West",1.0000
21629,McKinnon,3204,Bentleigh,1.0000
21630,"McLoughlins Beach",3874,"Gippsland South",1.0000
21631,"McMahons Creek",3799,Eildon,1.0000
21632,McMillans,3568,"Murray Plains",1.0000
21633,Mead,3568,"Murray Plains",1.0000
21634,"Meadow Creek",3678,"Ovens Valley",1.0000
21635,"Meadow Heights",3048,Greenvale,1.0000
21636,Meatian,3585,"Murray Plains",1.0000
21637,Meeniyan,3956,"Gippsland South",1.0000
21638,"Meering West",3579,"Murray Plains",1.0000
21639,Meerlieu,3862,"Gippsland East",1.0000
21640,Melbourne,"3000 3004",Melbourne,0.7882
21640,Melbourne,"3000 3004",Prahran,0.2118
21641,"Melbourne Airport",3045,Sunbury,1.0000
21642,Melton,3337,Melton,1.0000
21643,"Melton South",3338,Melton,1.0000
21644,"Melton West",3337,Melton,1.0000
21645,"Melville Forest",3315,Lowan,1.0000
21646,Melwood,3875,"Gippsland East",1.0000
21647,"Mena Park",3373,Ripon,1.0000
21648,Mentone,3194,Sandringham,0.6241
21648,Mentone,3194,Clarinda,0.3592
21648,Mentone,3194,Mordialloc,0.0167
21649,"Menzies Creek",3159,Monbulk,1.0000
21650,Mepunga,3277,"South-West Coast",1.0000
21651,"Mepunga East",3277,"South-West Coast",1.0000
21652,"Mepunga West",3277,"South-West Coast",1.0000
21653,Merbein,3505,Mildura,1.0000
21654,"Merbein South",3505,Mildura,1.0000
21655,"Merbein West",3505,Mildura,1.0000
21656,Meredith,3333,Eureka,1.0000
21657,Meringur,3496,Mildura,1.0000
21658,Merino,3310,Lowan,1.0000
21659,Mernda,3754,"Yan Yean",1.0000
21660,Merriang,3737,"Ovens Valley",1.0000
21661,"Merriang South",3737,"Ovens Valley",1.0000
21662,Merricks,3916,Nepean,1.0000
21663,"Merricks Beach",3926,Hastings,1.0000
21664,"Merricks North",3926,Nepean,1.0000
21665,Merrigum,3618,Euroa,1.0000
21666,"Merrijig (East Gippsland)",3875,"Gippsland East",1.0000
21667,"Merrijig (Mansfield)",3723,Eildon,1.0000
21668,Merrimu,3340,Melton,1.0000
21669,Merrinee,3496,Mildura,1.0000
21670,Merton,3715,Eildon,1.0000
21671,Metcalfe,3448,Macedon,1.0000
21672,"Metcalfe East",3444,Macedon,1.0000
21673,Metung,3904,"Gippsland East",1.0000
21674,"Mia Mia",3444,Euroa,1.0000
21675,Mickleham,3064,Kalkallo,1.0000
21676,"Middle Creek",3375,Ripon,1.0000
21677,"Middle Park",3206,"Albert Park",1.0000
21678,"Middle Tarwin",3956,"Gippsland South",1.0000
21679,Miepoll,3666,Euroa,1.0000
21680,"Miga Lake",3409,Lowan,1.0000
21681,Milawa,3678,"Ovens Valley",1.0000
21682,Mildura,3500,Mildura,1.0000
21683,"Mill Park",3082,"Mill Park",0.7945
21683,"Mill Park",3082,Bundoora,0.2055
21684,Millbrook,3352,Eureka,1.0000
21685,Millgrove,3799,Eildon,1.0000
21686,Milloo,3572,"Murray Plains",1.0000
21687,Milltown,3304,"South-West Coast",1.0000
21688,"Milnes Bridge",3579,"Murray Plains",1.0000
21689,Mincha,3575,"Murray Plains",1.0000
21690,"Mincha West",3568,"Murray Plains",1.0000
21691,"Miners Rest",3352,Ripon,1.0000
21692,Mingay,3324,Polwarth,1.0000
21693,Minhamite,3287,"South-West Coast",1.0000
21694,Minimay,3413,Lowan,1.0000
21695,Mininera,3351,Lowan,1.0000
21696,Minjah,3276,"South-West Coast",1.0000
21697,Minmindie,3537,"Murray Plains",1.0000
21698,Minyip,3392,Lowan,1.0000
21699,Miowera,3862,"Gippsland East",1.0000
21700,Miralie,3596,"Murray Plains",1.0000
21701,Miram,3415,Lowan,1.0000
21702,Mirboo,3871,"Gippsland South",1.0000
21703,"Mirboo North",3871,"Gippsland South",1.0000
21704,Mirimbah,3723,Eildon,1.0000
21705,Mirranatwa,3294,Lowan,1.0000
21706,Mitcham,3132,Ringwood,1.0000
21707,"Mitchell Park",3355,Ripon,1.0000
21708,Mitchellstown,3608,Euroa,1.0000
21709,Mitiamo,3573,"Murray Plains",1.0000
21710,Mitre,3409,Lowan,1.0000
21711,"Mitta Mitta",3701,Benambra,1.0000
21712,Mittyack,3490,Mildura,1.0000
21713,Mockinya,3401,Lowan,1.0000
21714,Modella,3816,Narracan,1.0000
21715,Modewarre,3240,Polwarth,1.0000
21716,Moe,3825,Morwell,0.9994
21717,"Moe South",3825,Morwell,0.9757
21717,"Moe South",3825,Narracan,0.0243
21718,"Moggs Creek",3231,Polwarth,1.0000
21719,Moglonemby,3666,Euroa,1.0000
21720,Mokepilly,3381,Lowan,1.0000
21721,Molesworth,3718,Eildon,1.0000
21722,Moliagul,3472,Ripon,1.0000
21723,Molka,3666,Euroa,1.0000
21724,Mollongghip,3352,Ripon,0.7100
21724,Mollongghip,3352,Eureka,0.2900
21725,Mologa,3575,"Murray Plains",1.0000
21726,Molyullah,3673,Euroa,1.0000
21727,Monbulk,3793,Monbulk,1.0000
21728,Monegeetta,3433,Macedon,1.0000
21729,"Mongans Bridge",3691,"Ovens Valley",1.0000
21730,Monomak,3860,"Gippsland East",1.0000
21731,Monomeith,3984,Bass,1.0000
21732,"Mont Albert",3127,"Box Hill",0.9697
21732,"Mont Albert",3127,Kew,0.0303
21733,"Mont Albert North",3129,"Box Hill",1.0000
21734,Montgomery,3851,"Gippsland East",1.0000
21735,Montmorency,3094,Eltham,1.0000
21736,Montrose,3765,Evelyn,0.9011
21736,Montrose,3765,Monbulk,0.0989
21737,Moolap,3224,Geelong,1.0000
21738,Moolerr,3477,Ripon,1.0000
21739,Moolort,3465,Ripon,0.8511
21739,Moolort,3465,"Bendigo West",0.1489
21740,Moonambel,3478,Ripon,1.0000
21741,Moondarra,3825,Narracan,1.0000
21742,"Moonee Ponds",3039,Essendon,0.9770
21742,"Moonee Ponds",3039,Niddrie,0.0230
21743,"Moonlight Flat (Central Goldfields)",3465,Ripon,1.0000
21744,"Moonlight Flat (Mount Alexander)",3450,"Bendigo West",1.0000
21745,Moora,3612,Euroa,1.0000
21746,Moorabbin,3189,Bentleigh,0.9574
21746,Moorabbin,3189,Sandringham,0.0426
21747,"Moorabbin Airport",3194,Clarinda,1.0000
21748,Moorabool,3213,Lara,1.0000
21749,Mooralla,3314,Lowan,1.0000
21750,Moorilim,3610,Euroa,1.0000
21751,"Moormbool West",3523,Euroa,1.0000
21752,Moornapa,3862,"Gippsland East",1.0000
21753,Moorngag,3673,Euroa,1.0000
21754,Moorooduc,3933,Mornington,0.9015
21754,Moorooduc,3933,Hastings,0.0985
21755,Mooroolbark,3138,Evelyn,0.8117
21755,Mooroolbark,3138,Croydon,0.1883
21756,Mooroopna,3629,Shepparton,1.0000
21757,"Mooroopna North",3629,Shepparton,1.0000
21758,"Mooroopna North West",3616,Shepparton,1.0000
21759,Moranding,3764,Euroa,1.0000
21760,Mordialloc,3195,Mordialloc,1.0000
21761,Morgiana,3301,Lowan,1.0000
21762,Moriac,3240,"South Barwon",1.0000
21763,Mornington,3931,Mornington,1.0000
21764,Moroka,3860,"Gippsland East",1.0000
21765,Morrisons,3334,Eureka,1.0000
21766,"Morrl Morrl",3387,Ripon,1.0000
21767,Mortlake,3272,Lowan,1.0000
21768,"Morton Plains",3482,Mildura,1.0000
21769,Morwell,3840,Morwell,1.0000
21770,Mossiface,3885,"Gippsland East",1.0000
21771,"Mount Alfred",3709,Benambra,1.0000
21772,"Mount Beauty",3699,"Ovens Valley",1.0000
21773,"Mount Beckworth",3363,Ripon,1.0000
21774,"Mount Best",3960,"Gippsland South",1.0000
21775,"Mount Bolton",3352,Ripon,1.0000
21776,"Mount Bruno",3675,Euroa,1.0000
21777,"Mount Buffalo",3740,"Ovens Valley",1.0000
21778,"Mount Buller",3723,Eildon,1.0000
21779,"Mount Burnett",3781,Monbulk,1.0000
21780,"Mount Bute",3324,Polwarth,1.0000
21781,"Mount Camel",3523,Euroa,1.0000
21782,"Mount Cameron",3370,Ripon,1.0000
21783,"Mount Clear",3350,Eureka,1.0000
21784,"Mount Cole",3377,Ripon,1.0000
21785,"Mount Cole Creek",3377,Ripon,1.0000
21786,"Mount Cottrell",3024,Tarneit,0.5000
21786,"Mount Cottrell",3024,Melton,0.2895
21786,"Mount Cottrell",3024,Kororoit,0.2105
21787,"Mount Dandenong",3767,Monbulk,1.0000
21788,"Mount Doran",3334,Eureka,1.0000
21789,"Mount Dryden",3381,Lowan,1.0000
21790,"Mount Duneed",3217,"South Barwon",1.0000
21791,"Mount Eccles",3953,"Gippsland South",1.0000
21792,"Mount Egerton",3352,Eureka,1.0000
21793,"Mount Eliza",3930,Mornington,1.0000
21794,"Mount Emu",3351,Ripon,1.0000
21795,"Mount Evelyn",3796,Evelyn,1.0000
21796,"Mount Franklin",3461,Macedon,1.0000
21797,"Mount Glasgow",3371,Ripon,1.0000
21798,"Mount Helen",3350,Eureka,1.0000
21799,"Mount Hooghly",3472,Ripon,1.0000
21800,"Mount Lonarch",3468,Ripon,1.0000
21801,"Mount Macedon",3441,Macedon,1.0000
21802,"Mount Major",3646,Shepparton,1.0000
21803,"Mount Martha",3934,Mornington,0.9802
21803,"Mount Martha",3934,Nepean,0.0198
21804,"Mount Mercer",3352,Eureka,1.0000
21805,"Mount Moriac",3240,"South Barwon",1.0000
21806,"Mount Napier",3301,Lowan,1.0000
21807,"Mount Pleasant",3350,Eureka,1.0000
21808,"Mount Prospect",3364,Ripon,1.0000
21809,"Mount Richmond",3305,"South-West Coast",1.0000
21810,"Mount Rowan",3352,Ripon,1.0000
21811,"Mount Sabine",3236,Polwarth,1.0000
21812,"Mount Tassie",3844,Morwell,1.0000
21813,"Mount Taylor",3875,"Gippsland East",1.0000
21814,"Mount Toolebewong",3777,Eildon,1.0000
21815,"Mount Wallace",3342,Eureka,1.0000
21816,"Mount Waverley",3149,Ashwood,0.8846
21816,"Mount Waverley",3149,Oakleigh,0.1154
21817,"Mountain Bay",3723,Eildon,1.0000
21818,"Mountain View",3988,Narracan,1.0000
21819,Moutajup,3294,Lowan,1.0000
21820,Moyhu,3732,"Ovens Valley",1.0000
21821,Moyreisk,3477,Ripon,1.0000
21822,Moyston,3377,Lowan,1.0000
21823,Muckatah,3644,"Ovens Valley",1.0000
21824,Muckleford,3451,"Bendigo West",1.0000
21825,"Muckleford South",3462,"Bendigo West",1.0000
21826,Mudgegonga,3737,"Ovens Valley",1.0000
21827,Mulgrave,3170,Mulgrave,1.0000
21828,Mumbannar,3304,Lowan,1.0000
21829,Mundoona,3635,Shepparton,1.0000
21830,Munro,3862,"Gippsland East",1.0000
21831,Muntham,3315,Lowan,1.0000
21832,Murchison,3610,Euroa,1.0000
21833,"Murchison East",3610,Euroa,1.0000
21834,"Murchison North",3610,Euroa,1.0000
21835,Murgheboluc,3218,Geelong,1.0000
21836,Murmungee,3747,"Ovens Valley",1.0000
21837,Murnungin,3544,"Murray Plains",1.0000
21838,"Murphys Creek",3551,Ripon,1.0000
21839,"Murra Warra",3401,Lowan,1.0000
21840,Murrabit,3579,"Murray Plains",1.0000
21841,"Murrabit West",3579,"Murray Plains",1.0000
21842,Murrawee,3586,"Murray Plains",1.0000
21843,Murray-sunset,3490,Mildura,1.0000
21844,Murraydale,3586,"Murray Plains",1.0000
21845,Murrayville,3512,Mildura,1.0000
21846,Murrindal,3885,"Gippsland East",1.0000
21847,Murrindindi,3717,Eildon,1.0000
21848,Murroon,3243,Polwarth,1.0000
21849,Murrumbeena,3163,Oakleigh,1.0000
21850,Murtoa,3390,Lowan,1.0000
21851,Musk,3461,Macedon,1.0000
21852,"Musk Vale",3461,Macedon,1.0000
21853,Muskerry,3557,Euroa,1.0000
21854,"Myall (Buloke)",3533,Mildura,1.0000
21855,"Myall (Gannawarra)",3579,"Murray Plains",1.0000
21856,Myamyn,3304,"South-West Coast",1.0000
21857,"Myers Flat",3556,"Bendigo West",1.0000
21858,Myola,3551,Euroa,1.0000
21859,Myrniong,3341,Eureka,1.0000
21860,Myrrhee,3732,"Ovens Valley",1.0000
21861,"Myrtle Creek",3551,"Bendigo East",0.8000
21861,"Myrtle Creek",3551,Macedon,0.2000
21862,Myrtlebank,3851,"Gippsland South",0.7405
21862,Myrtlebank,3851,"Gippsland East",0.2595
21863,Myrtleford,3737,"Ovens Valley",1.0000
21864,Mysia,3518,"Murray Plains",1.0000
21865,"Mystic Park",3579,"Murray Plains",1.0000
21866,Mywee,3641,Shepparton,1.0000
21867,Nagambie,3608,Euroa,1.0000
21868,Nalangil,3249,Polwarth,1.0000
21869,Nalinga,3646,Shepparton,0.8462
21869,Nalinga,3646,Euroa,0.1538
21870,Nambrok,3847,"Gippsland South",1.0000
21871,Nandaly,3533,Mildura,1.0000
21872,Nangana,3781,Monbulk,1.0000
21873,Nangeela,3312,Lowan,1.0000
21874,Nangiloc,3494,Mildura,1.0000
21875,Nanneella,3561,"Murray Plains",1.0000
21876,"Nap Nap Marra",3860,"Gippsland East",1.0000
21877,Napoleons,3352,Ripon,1.0000
21878,"Nar Nar Goon",3812,Narracan,1.0000
21879,"Nar Nar Goon North",3812,Narracan,0.6859
21879,"Nar Nar Goon North",3812,Pakenham,0.2106
21879,"Nar Nar Goon North",3812,Monbulk,0.1035
21880,Narbethong,3778,Eildon,1.0000
21881,Nareeb,3293,Lowan,1.0000
21882,Nareen,3315,Lowan,1.0000
21883,Nareewillock,3525,Mildura,1.0000
21884,"Nariel Valley",3707,Benambra,1.0000
21885,Naring,3636,"Ovens Valley",1.0000
21886,Naringal,3277,"South-West Coast",1.0000
21887,"Naringal East",3277,"South-West Coast",1.0000
21888,Naroghid,3266,Polwarth,1.0000
21889,Narracan,3824,Narracan,1.0000
21890,Narraport,3483,Mildura,1.0000
21891,"Narrapumelap South",3293,Lowan,1.0000
21892,Narrawong,3285,"South-West Coast",1.0000
21893,"Narre Warren",3805,"Narre Warren North",1.0000
21894,"Narre Warren East",3804,Monbulk,1.0000
21895,"Narre Warren North",3804,"Narre Warren North",1.0000
21896,"Narre Warren South",3805,"Narre Warren South",1.0000
21897,Narrung,3597,Mildura,1.0000
21898,Nathalia,3638,Shepparton,1.0000
21899,Natimuk,3409,Lowan,1.0000
21900,"Natte Yallock",3465,Ripon,1.0000
21901,Natya,3597,Mildura,1.0000
21902,Navarre,3384,Ripon,1.0000
21903,Navigators,3352,Eureka,1.0000
21904,Nayook,3832,Narracan,1.0000
21905,"Neds Corner",3496,Mildura,1.0000
21906,Neereman,3463,"Bendigo West",1.0000
21907,Neerim,3831,Narracan,1.0000
21908,"Neerim East",3831,Narracan,1.0000
21909,"Neerim Junction",3832,Narracan,1.0000
21910,"Neerim North",3832,Narracan,1.0000
21911,"Neerim South",3831,Narracan,1.0000
21912,Neilborough,3570,"Bendigo East",1.0000
21913,Nelse,3699,"Gippsland East",1.0000
21914,Nelson,3292,"South-West Coast",1.0000
21915,Nerrena,3953,"Gippsland South",1.0000
21916,"Nerrin Nerrin",3351,Lowan,1.0000
21917,Nerrina,3350,Wendouree,0.8187
21917,Nerrina,3350,Ripon,0.1813
21918,Nerring,3373,Ripon,1.0000
21919,Netherby,3418,Lowan,1.0000
21920,Neuarpurr,3413,Lowan,1.0000
21921,"New Gisborne",3438,Macedon,1.0000
21922,Newborough,3825,Morwell,1.0000
21923,Newbridge,3551,Ripon,1.0000
21924,Newbury,3458,Macedon,1.0000
21925,Newcomb,3219,Geelong,1.0000
21926,Newfield,3268,Polwarth,1.0000
21927,Newham,3442,Macedon,1.0000
21928,Newhaven,3925,Bass,1.0000
21929,Newington,3350,Wendouree,1.0000
21930,"Newlands Arm",3875,"Gippsland East",1.0000
21931,Newlyn,3364,Ripon,1.0000
21932,"Newlyn North",3364,Ripon,1.0000
21933,Newmerella,3886,"Gippsland East",1.0000
21934,Newport,3015,Williamstown,1.0000
21935,Newry,3859,"Gippsland East",1.0000
21936,Newstead,3462,"Bendigo West",1.0000
21937,"Newtown (Golden Plains)",3351,Ripon,1.0000
21938,"Newtown (Greater Geelong)",3220,Geelong,1.0000
21939,Nhill,3418,Lowan,1.0000
21940,"Nichols Point",3501,Mildura,1.0000
21941,Nicholson,3882,"Gippsland East",1.0000
21942,Niddrie,3042,Niddrie,1.0000
21943,Nilma,3821,Narracan,1.0000
21944,"Nilma North",3821,Narracan,1.0000
21945,Ninda,3533,Mildura,1.0000
21946,"Nine Mile",3518,Ripon,0.6667
21946,"Nine Mile",3518,Mildura,0.3333
21947,Nintingbool,3351,Ripon,1.0000
21948,Ninyeunook,3527,"Murray Plains",1.0000
21949,Nirranda,3268,"South-West Coast",1.0000
21950,"Nirranda East",3268,"South-West Coast",1.0000
21951,"Nirranda South",3268,"South-West Coast",1.0000
21952,"Noble Park",3174,Dandenong,0.5366
21952,"Noble Park",3174,Mulgrave,0.3141
21952,"Noble Park",3174,Clarinda,0.1494
21953,"Noble Park North",3174,Mulgrave,1.0000
21954,Noojee,3833,Narracan,1.0000
21955,Noorat,3265,"South-West Coast",1.0000
21956,"Noorat East",3265,"South-West Coast",1.0000
21957,Noorinbee,3890,"Gippsland East",1.0000
21958,"Noorinbee North",3890,"Gippsland East",1.0000
21959,Noradjuha,3409,Lowan,1.0000
21960,Norlane,3214,Lara,1.0000
21961,Normanville,3579,"Murray Plains",1.0000
21962,Norong,3682,Benambra,1.0000
21963,"North Bendigo",3550,"Bendigo West",0.6937
21963,"North Bendigo",3550,"Bendigo East",0.3063
21964,"North Blackwood",3458,Macedon,1.0000
21965,"North Geelong",3215,Lara,1.0000
21966,"North Melbourne",3051,Melbourne,1.0000
21967,"North Shore",3214,Lara,1.0000
21968,"North Wangaratta",3678,"Ovens Valley",1.0000
21969,"North Warrandyte",3113,Warrandyte,1.0000
21970,"North Wonthaggi",3995,Bass,1.0000
21971,Northcote,3070,Northcote,1.0000
21972,Northwood,3660,Euroa,1.0000
21973,Norval,3377,Ripon,1.0000
21974,"Notting Hill",3168,Oakleigh,1.0000
21975,"Nowa Nowa",3887,"Gippsland East",1.0000
21976,"Nowhere Creek",3469,Ripon,1.0000
21977,Nowie,3585,"Murray Plains",1.0000
21978,"Nug Nug",3737,"Ovens Valley",1.0000
21979,Nuggetty,3463,"Bendigo West",1.0000
21980,"Nulla Vale",3435,Euroa,1.0000
21981,Nullawarre,3268,"South-West Coast",1.0000
21982,"Nullawarre North",3268,"South-West Coast",1.0000
21983,Nullawil,3529,Mildura,1.0000
21984,Numurkah,3636,Shepparton,1.0000
21985,Nunawading,3131,Ringwood,1.0000
21986,Nungurner,3909,"Gippsland East",1.0000
21987,Nunniong,3896,"Gippsland East",1.0000
21988,Nurcoung,3401,Lowan,1.0000
21989,Nurrabiel,3401,Lowan,1.0000
21990,Nurran,3888,"Gippsland East",1.0000
21991,Nutfield,3099,Eildon,1.0000
21992,Nyah,3594,"Murray Plains",1.0000
21993,"Nyah West",3595,"Murray Plains",1.0000
21994,Nyarrin,3533,Mildura,1.0000
21995,Nyerimilang,3909,"Gippsland East",1.0000
21996,Nyora,3987,"Gippsland South",0.9611
21996,Nyora,3987,Bass,0.0346
21997,Nyrraby,3585,"Murray Plains",1.0000
21998,"Oak Park",3046,Broadmeadows,0.9808
21998,"Oak Park",3046,"Pascoe Vale",0.0192
21999,"Oaklands Junction",3063,Sunbury,0.6553
21999,"Oaklands Junction",3063,Kalkallo,0.3447
22000,Oakleigh,3166,Oakleigh,1.0000
22001,"Oakleigh East",3166,Oakleigh,1.0000
22002,"Oakleigh South",3167,Oakleigh,0.5816
22002,"Oakleigh South",3167,Clarinda,0.4184
22003,Oakvale,3540,"Murray Plains",1.0000
22004,"Ocean Grange",3880,"Gippsland East",1.0000
22005,"Ocean Grove",3226,Bellarine,1.0000
22006,Officer,3809,Pakenham,1.0000
22007,"Officer South",3809,Pakenham,1.0000
22008,"Old Tallangatta",3701,Benambra,1.0000
22009,Olinda,3788,Monbulk,1.0000
22010,Ombersley,3241,Polwarth,1.0000
22011,Omeo,3898,"Gippsland East",1.0000
22012,"Omeo Valley",3898,"Gippsland East",1.0000
22013,Ondit,3249,Polwarth,1.0000
22014,Orbost,3888,"Gippsland East",1.0000
22015,Orford,3284,"South-West Coast",1.0000
22016,Ormond,3204,Bentleigh,0.5011
22016,Ormond,3204,Caulfield,0.2646
22016,Ormond,3204,Oakleigh,0.2344
22017,Orrvale,3631,Shepparton,1.0000
22018,"Osbornes Flat",3691,Benambra,1.0000
22019,Outtrim,3951,"Gippsland South",0.9049
22019,Outtrim,3951,Bass,0.0951
22020,Ouyen,3490,Mildura,1.0000
22021,Ovens,3738,"Ovens Valley",1.0000
22022,Oxley,3678,"Ovens Valley",1.0000
22023,"Oxley Flats",3678,"Ovens Valley",1.0000
22024,Ozenkadnook,3413,Lowan,1.0000
22025,Paaratte,3268,Polwarth,1.0000
22026,Painswick,3551,Ripon,1.0000
22027,Pakenham,3810,Pakenham,1.0000
22028,"Pakenham South",3810,Pakenham,1.0000
22029,"Pakenham Upper",3810,Pakenham,1.0000
22030,Panitya,3512,Mildura,1.0000
22031,Panmure,3265,"South-West Coast",1.0000
22032,"Panton Hill",3759,Eildon,1.0000
22033,Paradise,3477,Ripon,1.0000
22034,"Paradise Beach",3851,"Gippsland South",1.0000
22035,Paraparap,3240,Polwarth,1.0000
22036,"Park Orchards",3114,Warrandyte,1.0000
22037,Parkdale,3195,Mordialloc,1.0000
22038,Parkville,3052,Melbourne,1.0000
22039,Parwan,3340,Eureka,0.8673
22039,Parwan,3340,Melton,0.1327
22040,Paschendale,3315,Lowan,1.0000
22041,"Pascoe Vale",3044,"Pascoe Vale",0.9961
22042,"Pascoe Vale South",3044,"Pascoe Vale",1.0000
22043,Pastoria,3444,Macedon,1.0000
22044,"Pastoria East",3444,Macedon,1.0000
22045,Patchewollock,3491,Mildura,1.0000
22046,Patho,3564,"Murray Plains",1.0000
22047,"Patterson Lakes",3197,Carrum,1.0000
22048,Patyah,3318,Lowan,1.0000
22049,Paynesville,3880,"Gippsland East",1.0000
22050,Pearcedale,3912,Bass,0.9635
22050,Pearcedale,3912,Hastings,0.0365
22051,Pearsondale,3851,"Gippsland South",1.0000
22052,Peechelba,3678,"Ovens Valley",1.0000
22053,"Peechelba East",3678,"Ovens Valley",1.0000
22054,Pelluebla,3727,"Ovens Valley",1.0000
22055,Pennyroyal,3235,Polwarth,1.0000
22056,Penshurst,3289,Lowan,0.9792
22056,Penshurst,3289,"South-West Coast",0.0208
22057,"Pental Island",3586,"Murray Plains",1.0000
22058,"Pentland Hills",3341,Eureka,1.0000
22059,Percydale,3478,Ripon,1.0000
22060,Peronne,3413,Lowan,1.0000
22061,"Perry Bridge",3862,"Gippsland East",1.0000
22062,Peterborough,3270,"South-West Coast",0.7791
22062,Peterborough,3270,Polwarth,0.2209
22063,"Petticoat Creek",3233,Polwarth,1.0000
22064,"Pheasant Creek",3757,Eildon,1.0000
22065,Piangil,3597,Mildura,1.0000
22066,Picola,3639,Shepparton,1.0000
22067,"Picola West",3639,Shepparton,1.0000
22068,Piedmont,3833,Narracan,1.0000
22069,"Pier Milan",3533,Mildura,1.0000
22070,"Pigeon Ponds",3407,Lowan,1.0000
22071,Piggoreet,3351,Eureka,1.0000
22072,Pimpinio,3401,Lowan,1.0000
22073,"Pine Grove",3573,"Murray Plains",1.0000
22074,"Pine Lodge",3631,Shepparton,1.0000
22075,"Pine Mountain",3709,Benambra,1.0000
22076,"Pine View",3579,"Murray Plains",1.0000
22077,"Pioneer Bay",3984,Bass,1.0000
22078,"Pipers Creek",3444,Macedon,1.0000
22079,Pira,3585,"Murray Plains",1.0000
22080,Piries,3723,Eildon,1.0000
22081,"Pirron Yallock",3249,Polwarth,1.0000
22082,Pitfield,3351,Eureka,1.0000
22083,Pittong,3360,Ripon,1.0000
22084,Plenty,3090,"Yan Yean",1.0000
22085,Plumpton,3335,Sydenham,1.0000
22086,"Point Cook",3030,"Point Cook",1.0000
22087,"Point Leo",3916,Nepean,1.0000
22088,"Point Lonsdale",3225,Bellarine,1.0000
22089,"Point Wilson",3212,Lara,1.0000
22090,Polisbet,3585,"Murray Plains",1.0000
22091,Pomborneit,3260,Polwarth,1.0000
22092,"Pomborneit East",3249,Polwarth,1.0000
22093,"Pomborneit North",3260,Polwarth,1.0000
22094,Pomonal,3381,Lowan,1.0000
22095,Pompapiel,3571,"Bendigo East",1.0000
22096,Poolaijelo,3312,Lowan,1.0000
22097,Pootilla,3352,Eureka,1.0000
22098,Poowong,3988,"Gippsland South",1.0000
22099,"Poowong East",3988,"Gippsland South",0.6977
22099,"Poowong East",3988,Narracan,0.3023
22100,"Poowong North",3988,"Gippsland South",0.9122
22100,"Poowong North",3988,Narracan,0.0878
22101,"Porcupine Ridge",3461,Macedon,1.0000
22102,Porepunkah,3740,"Ovens Valley",1.0000
22103,"Port Albert",3971,"Gippsland South",1.0000
22104,"Port Campbell",3269,Polwarth,1.0000
22105,"Port Fairy",3284,"South-West Coast",1.0000
22106,"Port Franklin",3964,"Gippsland South",1.0000
22107,"Port Melbourne",3207,"Albert Park",1.0000
22108,"Port Welshpool",3965,"Gippsland South",1.0000
22109,Portarlington,3223,Bellarine,1.0000
22110,Portland,3305,"South-West Coast",1.0000
22111,"Portland North",3305,"South-West Coast",1.0000
22112,"Portland West",3305,"South-West Coast",1.0000
22113,Portsea,3944,Nepean,1.0000
22114,"Pound Creek",3996,"Gippsland South",0.7222
22114,"Pound Creek",3996,Bass,0.2778
22115,Powelltown,3797,Eildon,1.0000
22116,"Powers Creek",3312,Lowan,1.0000
22117,"Powlett Plains",3517,Ripon,1.0000
22118,Prahran,3181,Prahran,1.0000
22119,Prairie,3572,"Bendigo East",1.0000
22120,Pranjip,3666,Euroa,1.0000
22121,Preston,3072,Preston,0.6820
22121,Preston,3072,Northcote,0.3180
22122,"Princes Hill",3054,Brunswick,1.0000
22123,Princetown,3269,Polwarth,1.0000
22124,Puckapunyal,3662,Euroa,1.0000
22125,"Pura Pura",3271,Lowan,1.0000
22126,Purdeet,3289,"South-West Coast",1.0000
22127,Purnim,3278,"South-West Coast",1.0000
22128,"Purnim West",3278,"South-West Coast",1.0000
22129,Pyalong,3521,Euroa,1.0000
22130,"Pyramid Hill",3575,"Murray Plains",1.0000
22131,Quambatook,3540,"Murray Plains",1.0000
22132,Quandong,3030,Werribee,1.0000
22133,Quantong,3401,Lowan,1.0000
22134,"Quarry Hill",3550,"Bendigo East",1.0000
22135,Queenscliff,3225,Bellarine,1.0000
22136,Raglan,3373,Ripon,1.0000
22137,Rainbow,3424,Lowan,0.9529
22137,Rainbow,3424,Mildura,0.0471
22138,Ranceby,3951,"Gippsland South",1.0000
22139,Rathscar,3465,Ripon,1.0000
22140,"Rathscar West",3465,Ripon,1.0000
22141,Ravenhall,3023,Kororoit,1.0000
22142,Ravenswood,3453,"Bendigo West",0.7029
22142,Ravenswood,3453,"Bendigo East",0.2971
22143,"Ravenswood South",3453,"Bendigo West",1.0000
22144,Rawson,3825,Narracan,1.0000
22145,"Raymond Island",3880,"Gippsland East",1.0000
22146,Raywood,3570,"Bendigo East",1.0000
22147,"Red Cliffs",3496,Mildura,1.0000
22148,"Red Hill",3937,Nepean,1.0000
22149,"Red Hill South",3937,Nepean,1.0000
22150,"Red Lion",3371,Ripon,1.0000
22151,Redan,3350,Wendouree,1.0000
22152,Redbank,3477,Ripon,1.0000
22153,Redcastle,3523,Euroa,1.0000
22154,Redesdale,3444,Euroa,0.6500
22154,Redesdale,3444,Macedon,0.3500
22155,"Reedy Creek",3658,Euroa,1.0000
22156,"Reedy Dam",3395,Mildura,1.0000
22157,"Reedy Flat",3895,"Gippsland East",1.0000
22158,"Reedy Lake",3579,"Murray Plains",1.0000
22159,Reefton,3799,Eildon,1.0000
22160,Research,3095,Eltham,1.0000
22161,Reservoir,3073,Preston,1.0000
22162,Reynard,3858,"Gippsland East",0.8385
22162,Reynard,3858,Eildon,0.1615
22163,Rheola,3517,Ripon,1.0000
22164,Rhyll,3923,Bass,1.0000
22165,Rhymney,3377,Lowan,1.0000
22166,Riachella,3385,Lowan,1.0000
22167,"Rich Avon",3480,Mildura,1.0000
22168,"Rich Avon East",3480,Ripon,1.0000
22169,"Rich Avon West",3480,Ripon,1.0000
22170,Richmond,3121,Richmond,1.0000
22171,"Richmond Plains",3518,Ripon,0.6667
22171,"Richmond Plains",3518,Mildura,0.3333
22172,"Riddells Creek",3431,Macedon,1.0000
22173,"Riggs Creek",3666,Euroa,1.0000
22174,Ringwood,3134,Ringwood,0.8302
22174,Ringwood,3134,Warrandyte,0.1504
22174,Ringwood,3134,Croydon,0.0194
22175,"Ringwood East",3135,Ringwood,1.0000
22176,"Ringwood North",3134,Warrandyte,1.0000
22177,Ripplebrook,3818,Narracan,1.0000
22178,Rippleside,3215,Lara,1.0000
22179,Ripponlea,3185,Caulfield,1.0000
22180,Riverside,3401,Lowan,1.0000
22181,Riverslea,3860,"Gippsland East",1.0000
22182,"Robertsons Beach",3971,"Gippsland South",1.0000
22183,Robinvale,3549,Mildura,1.0000
22184,Rochester,3561,"Murray Plains",1.0000
22185,Rochford,3442,Macedon,1.0000
22186,Rockbank,3335,Kororoit,1.0000
22187,Rocklands,3401,Lowan,1.0000
22188,Rocklyn,3364,Ripon,1.0000
22189,"Rocky Point",3377,Ripon,1.0000
22190,Rokeby,3821,Narracan,1.0000
22191,Rokewood,3330,Eureka,1.0000
22192,"Rokewood Junction",3351,Eureka,1.0000
22193,Romsey,3434,Macedon,1.0000
22194,Rosanna,3084,Ivanhoe,1.0000
22195,"Rose River",3678,"Ovens Valley",1.0000
22196,Rosebery,3395,Mildura,1.0000
22197,Rosebrook,3285,"South-West Coast",1.0000
22198,Rosebud,3939,Nepean,1.0000
22199,Rosedale,3847,"Gippsland South",1.0000
22200,"Roses Gap",3385,Lowan,1.0000
22201,Rosewhite,3737,"Ovens Valley",1.0000
22202,Roslynmead,3564,"Murray Plains",1.0000
22203,"Ross Creek",3351,Ripon,1.0000
22204,Rossbridge,3377,Lowan,1.0000
22205,Rostron,3477,Ripon,1.0000
22206,Rowsley,3340,Eureka,1.0000
22207,Rowville,3178,Rowville,1.0000
22208,"Roxburgh Park",3064,Greenvale,1.0000
22209,Rubicon,3712,Eildon,1.0000
22210,Ruby,3953,"Gippsland South",1.0000
22211,Ruffy,3666,Euroa,0.9394
22211,Ruffy,3666,Eildon,0.0606
22212,"Running Creek",3691,"Ovens Valley",1.0000
22213,Runnymede,3558,Euroa,1.0000
22214,Rupanyup,3388,Lowan,1.0000
22215,Rushworth,3612,Euroa,1.0000
22216,"Russells Bridge",3331,Geelong,1.0000
22217,Rutherglen,3685,Benambra,1.0000
22218,Ryans,3875,"Gippsland East",1.0000
22219,Ryanston,3992,Bass,1.0000
22220,Rye,3941,Nepean,1.0000
22221,Rythdale,3810,Pakenham,1.0000
22222,"Safety Beach",3936,Nepean,1.0000
22223,"Sailors Falls",3461,Macedon,1.0000
22224,"Sailors Gully",3556,"Bendigo East",1.0000
22225,"Sailors Hill",3461,Macedon,1.0000
22226,Sale,3850,"Gippsland South",1.0000
22227,"Salisbury West",3517,Ripon,1.0000
22228,Samaria,3673,Euroa,1.0000
22229,"San Remo",3925,Bass,1.0000
22230,Sandford,3312,Lowan,1.0000
22231,"Sandhill Lake",3579,"Murray Plains",1.0000
22232,Sandhurst,3977,Carrum,1.0000
22233,Sandon,3462,"Bendigo West",1.0000
22234,Sandringham,3191,Sandringham,1.0000
22235,"Sandy Creek",3695,Benambra,1.0000
22236,"Sandy Point",3959,"Gippsland South",1.0000
22237,Sargood,3858,"Gippsland East",1.0000
22238,Sarsfield,3875,"Gippsland East",1.0000
22239,Sassafras,3787,Monbulk,1.0000
22240,"Sawmill Settlement",3723,Eildon,1.0000
22241,Scarsdale,3351,Ripon,1.0000
22242,Scoresby,3179,Rowville,1.0000
22243,"Scotchmans Lead",3352,Eureka,1.0000
22244,Scotsburn,3352,Eureka,1.0000
22245,"Scotts Creek",3267,Polwarth,1.0000
22246,"Sea Lake",3533,Mildura,1.0000
22247,Seabrook,3028,"Point Cook",1.0000
22248,Seacombe,3851,"Gippsland South",1.0000
22249,Seaford,3198,Carrum,0.6148
22249,Seaford,3198,Frankston,0.3852
22250,Seaholme,3018,Williamstown,1.0000
22251,Seaspray,3851,"Gippsland South",1.0000
22252,Seaton,3858,"Gippsland East",1.0000
22253,Seaview,3821,Narracan,1.0000
22254,Sebastian,3556,"Bendigo East",1.0000
22255,Sebastopol,3356,Wendouree,1.0000
22256,Seddon,3011,Footscray,1.0000
22257,Sedgwick,3551,"Bendigo East",1.0000
22258,Selby,3159,Monbulk,1.0000
22259,Selwyn,3737,"Ovens Valley",1.0000
22260,"Separation Creek",3234,Polwarth,1.0000
22261,Serpentine,3517,"Bendigo East",1.0000
22262,Serviceton,3420,Lowan,1.0000
22263,Seville,3139,Evelyn,0.9504
22263,Seville,3139,Monbulk,0.0496
22264,"Seville East",3139,Evelyn,1.0000
22265,Seymour,3660,Euroa,1.0000
22266,"Shady Creek",3821,Narracan,1.0000
22267,"Shays Flat",3377,Ripon,1.0000
22268,"She Oaks",3331,Eureka,1.0000
22269,"Sheans Creek",3666,Euroa,1.0000
22270,"Sheep Hills",3392,Lowan,1.0000
22271,Shelbourne,3515,"Bendigo West",1.0000
22272,Shelford,3329,Eureka,1.0000
22273,Shelley,3701,Benambra,1.0000
22274,"Shepherds Flat",3461,Macedon,1.0000
22275,Shepparton,3630,Shepparton,1.0000
22276,"Shepparton East",3631,Shepparton,1.0000
22277,"Shepparton North",3631,Shepparton,1.0000
22278,Sherbrooke,3789,Monbulk,1.0000
22279,Shoreham,3916,Nepean,1.0000
22280,Sidonia,3444,Macedon,1.0000
22281,Silvan,3795,Monbulk,0.8006
22281,Silvan,3795,Evelyn,0.1994
22282,Silverleaves,3922,Bass,1.0000
22283,Simpson,3266,Polwarth,1.0000
22284,"Simpsons Creek",3888,"Gippsland East",1.0000
22285,Simson,3465,Ripon,1.0000
22286,"Skenes Creek",3233,Polwarth,1.0000
22287,"Skenes Creek North",3233,Polwarth,1.0000
22288,Skibo,3260,Polwarth,1.0000
22289,"Skinners Flat",3518,Ripon,1.0000
22290,Skipton,3361,Ripon,1.0000
22291,Skye,3977,Carrum,1.0000
22292,"Slaty Creek",3477,Ripon,1.0000
22293,Smeaton,3364,Ripon,1.0000
22294,"Smiths Beach",3922,Bass,1.0000
22295,"Smiths Gully",3760,Eildon,1.0000
22296,Smokeytown,3364,Ripon,1.0000
22297,Smoko,3741,"Ovens Valley",1.0000
22298,"Smythes Creek",3351,Ripon,1.0000
22299,Smythesdale,3351,Ripon,1.0000
22300,"Snake Island",3971,"Gippsland South",1.0000
22301,"Snake Valley",3351,Ripon,1.0000
22302,"Soldiers Hill",3350,Wendouree,1.0000
22303,Somers,3927,Hastings,1.0000
22304,Somerton,3062,Greenvale,1.0000
22305,Somerville,3912,Hastings,1.0000
22306,Sorrento,3943,Nepean,1.0000
22307,"South Dudley",3995,Bass,1.0000
22308,"South Geelong",3220,Geelong,1.0000
22309,"South Kingsville",3015,Williamstown,1.0000
22310,"South Melbourne",3205,"Albert Park",0.7849
22310,"South Melbourne",3205,Prahran,0.2151
22311,"South Morang",3752,"Mill Park",0.8826
22311,"South Morang",3752,"Yan Yean",0.1174
22312,"South Purrumbete",3260,Polwarth,1.0000
22313,"South Wharf",3006,"Albert Park",1.0000
22314,"South Yarra",3141,Prahran,1.0000
22315,Southbank,3006,"Albert Park",0.8245
22315,Southbank,3006,Prahran,0.1755
22316,"Southern Cross",3283,"South-West Coast",1.0000
22317,"Spargo Creek",3461,Eureka,1.0000
22318,Speed,3488,Mildura,1.0000
22319,Spotswood,3015,Williamstown,1.0000
22320,"Spring Gully",3550,"Bendigo East",1.0000
22321,"Spring Hill",3444,Macedon,1.0000
22322,Springbank,3352,Eureka,1.0000
22323,Springdallah,3351,Eureka,1.0000
22324,"Springfield (Buloke)",3544,Mildura,1.0000
22325,"Springfield (Macedon Ranges)",3434,Macedon,1.0000
22326,Springhurst,3682,"Ovens Valley",1.0000
22327,Springmount,3364,Ripon,1.0000
22328,Springvale,3171,Mulgrave,1.0000
22329,"Springvale South",3172,Clarinda,1.0000
22330,"St Albans",3021,"St Albans",1.0000
22331,"St Albans Park",3219,Geelong,1.0000
22332,"St Andrews",3761,Eildon,1.0000
22333,"St Andrews Beach",3941,Nepean,1.0000
22334,"St Arnaud",3478,Ripon,1.0000
22335,"St Arnaud East",3477,Ripon,1.0000
22336,"St Arnaud North",3477,Ripon,1.0000
22337,"St Clair",3995,Bass,1.0000
22338,"St Germains",3620,"Murray Plains",1.0000
22339,"St Helena",3088,Eltham,1.0000
22340,"St Helens",3285,"South-West Coast",1.0000
22341,"St Helens Plains",3401,Lowan,1.0000
22342,"St James",3727,"Ovens Valley",1.0000
22343,"St Kilda",3182,"Albert Park",0.6725
22343,"St Kilda",3182,Prahran,0.3142
22343,"St Kilda",3182,Caulfield,0.0133
22344,"St Kilda East",3183,Caulfield,0.6908
22344,"St Kilda East",3183,Prahran,0.3092
22345,"St Kilda West",3182,"Albert Park",1.0000
22346,"St Leonards",3223,Bellarine,1.0000
22347,"Staceys Bridge",3971,"Gippsland South",1.0000
22348,"Staffordshire Reef",3351,Eureka,1.0000
22349,"Staghorn Flat",3691,Benambra,1.0000
22350,Stanhope,3623,Euroa,1.0000
22351,Stanley,3747,Benambra,1.0000
22352,"Staughton Vale",3340,Lara,1.0000
22353,Stavely,3379,Lowan,1.0000
22354,Stawell,3380,Lowan,1.0000
22355,"Steels Creek",3775,Eildon,1.0000
22356,Steiglitz,3331,Eureka,1.0000
22357,Stewarton,3725,Euroa,0.8908
22357,Stewarton,3725,Shepparton,0.1092
22358,Stirling,3893,"Gippsland East",1.0000
22359,Stockdale,3862,"Gippsland East",1.0000
22360,"Stockyard Hill",3373,Ripon,1.0000
22361,Stonehaven,3218,Geelong,1.0000
22362,Stoneleigh,3373,Ripon,1.0000
22363,"Stony Creek (Central Goldfields)",3371,Ripon,1.0000
22364,"Stony Creek (South Gippsland)",3957,"Gippsland South",1.0000
22365,Stonyford,3260,Polwarth,1.0000
22366,Stradbroke,3851,"Gippsland South",1.0000
22367,Strangways,3461,"Bendigo West",0.8041
22367,Strangways,3461,Macedon,0.1959
22368,Straten,3533,Mildura,1.0000
22369,Stratford,3862,"Gippsland East",1.0000
22370,"Strath Creek",3658,Eildon,1.0000
22371,Strathallan,3622,"Murray Plains",1.0000
22372,Strathbogie,3666,Euroa,1.0000
22373,Strathdale,3550,"Bendigo East",1.0000
22374,Strathdownie,3312,Lowan,1.0000
22375,Strathewen,3099,Eildon,1.0000
22376,Strathfieldsaye,3551,"Bendigo East",1.0000
22377,Strathkellar,3301,Lowan,1.0000
22378,Strathlea,3364,"Bendigo West",0.9032
22378,Strathlea,3364,Ripon,0.0968
22379,Strathmerton,3641,Shepparton,1.0000
22380,Strathmore,3041,Essendon,1.0000
22381,"Strathmore Heights",3041,Essendon,0.9258
22381,"Strathmore Heights",3041,Niddrie,0.0742
22382,Strathtulloh,3338,Melton,1.0000
22383,Streatham,3351,Lowan,0.8438
22383,Streatham,3351,Ripon,0.1563
22384,Strzelecki,3950,"Gippsland South",0.8505
22384,Strzelecki,3950,Narracan,0.1495
22385,"Stuart Mill",3477,Ripon,1.0000
22386,Sugarloaf,3234,Polwarth,1.0000
22387,"Sugarloaf Creek",3658,Euroa,1.0000
22388,"Suggan Buggan",3885,"Gippsland East",1.0000
22389,Sulky,3352,Ripon,1.0000
22390,Summerlands,3922,Bass,1.0000
22391,Sunbury,3429,Sunbury,1.0000
22392,"Sunday Creek",3658,Euroa,1.0000
22393,"Sunderland Bay",3922,Bass,1.0000
22394,"Sunset Strip",3922,Bass,1.0000
22395,Sunshine,3020,Laverton,1.0000
22396,"Sunshine North",3020,"St Albans",1.0000
22397,"Sunshine West",3020,Laverton,1.0000
22398,"Surf Beach",3922,Bass,1.0000
22399,"Surrey Hills",3127,Hawthorn,0.4260
22399,"Surrey Hills",3127,"Box Hill",0.3933
22399,"Surrey Hills",3127,Kew,0.1807
22400,Sutherland,3477,Ripon,1.0000
22401,"Sutherlands Creek",3331,Geelong,1.0000
22402,Sutton,3530,Mildura,1.0000
22403,"Sutton Grange",3448,Macedon,1.0000
22404,"Swan Bay",3225,Bellarine,1.0000
22405,"Swan Hill",3585,"Murray Plains",1.0000
22406,"Swan Hill West",3585,"Murray Plains",1.0000
22407,"Swan Island",3225,Bellarine,1.0000
22408,"Swan Marsh",3249,Polwarth,1.0000
22409,"Swan Reach",3903,"Gippsland East",1.0000
22410,Swanpool,3673,Euroa,1.0000
22411,Swanwater,3477,Ripon,1.0000
22412,"Swanwater West",3480,Ripon,1.0000
22413,"Swifts Creek",3896,"Gippsland East",1.0000
22414,Sydenham,3037,Sydenham,1.0000
22415,Sylvaterre,3575,"Murray Plains",1.0000
22416,Tabberabbera,3875,"Gippsland East",1.0000
22417,Tabilk,3607,Euroa,1.0000
22418,Tabor,3289,Lowan,1.0000
22419,Taggerty,3714,Eildon,1.0000
22420,Tahara,3301,Lowan,1.0000
22421,"Tahara Bridge",3315,Lowan,1.0000
22422,"Tahara West",3310,Lowan,1.0000
22423,Talbot,3371,Ripon,1.0000
22424,Talgarno,3691,Benambra,1.0000
22425,Tallandoon,3701,Benambra,1.0000
22426,Tallangatta,3700,Benambra,1.0000
22427,"Tallangatta East",3700,Benambra,1.0000
22428,"Tallangatta South",3701,Benambra,1.0000
22429,"Tallangatta Valley",3701,Benambra,1.0000
22430,Tallarook,3659,Euroa,1.0000
22431,Tallygaroopna,3634,Shepparton,1.0000
22432,"Tambo Crossing",3893,"Gippsland East",1.0000
22433,"Tambo Upper",3885,"Gippsland East",1.0000
22434,Tamboon,3890,"Gippsland East",1.0000
22435,Tamboritha,3858,"Gippsland East",1.0000
22436,Taminick,3675,Euroa,1.0000
22437,Tamleugh,3669,Euroa,1.0000
22438,"Tamleugh North",3669,Euroa,1.0000
22439,Tandarook,3260,Polwarth,1.0000
22440,Tandarra,3571,"Bendigo East",1.0000
22441,Tangambalanga,3691,Benambra,1.0000
22442,Tanjil,3825,Narracan,1.0000
22443,"Tanjil Bren",3833,Narracan,1.0000
22444,"Tanjil South",3825,Narracan,0.5860
22444,"Tanjil South",3825,Morwell,0.4140
22445,Tanwood,3478,Ripon,1.0000
22446,Tanybryn,3249,Polwarth,1.0000
22447,Taradale,3447,Macedon,1.0000
22448,Tarcombe,3666,Euroa,1.0000
22449,Tarilta,3451,Macedon,1.0000
22450,Tarnagulla,3551,Ripon,1.0000
22451,Tarneit,3029,Tarneit,0.9829
22451,Tarneit,3029,Laverton,0.0171
22452,Tarnook,3670,Euroa,1.0000
22453,Taroon,3265,"South-West Coast",0.5938
22453,Taroon,3265,Polwarth,0.4063
22454,"Tarra Valley",3971,"Gippsland South",1.0000
22455,Tarranyurk,3414,Lowan,1.0000
22456,Tarraville,3971,"Gippsland South",1.0000
22457,Tarrawarra,3775,Eildon,1.0000
22458,Tarrawingee,3678,"Ovens Valley",1.0000
22459,Tarrayoukyan,3315,Lowan,1.0000
22460,Tarrengower,3463,"Bendigo West",1.0000
22461,Tarrenlea,3315,Lowan,1.0000
22462,Tarrington,3301,Lowan,1.0000
22463,Tarrone,3283,"South-West Coast",1.0000
22464,Tarwin,3956,"Gippsland South",1.0000
22465,"Tarwin Lower",3956,"Gippsland South",1.0000
22466,Tatong,3673,Euroa,1.0000
22467,Tatura,3616,Shepparton,0.9487
22467,Tatura,3616,Euroa,0.0513
22468,"Tatura East",3616,Shepparton,1.0000
22469,Tatyoon,3378,Lowan,0.5682
22469,Tatyoon,3378,Ripon,0.4318
22470,Tawonga,3697,"Ovens Valley",1.0000
22471,"Tawonga South",3698,"Ovens Valley",1.0000
22472,"Taylor Bay",3713,Eildon,1.0000
22473,"Taylors Hill",3037,Sydenham,1.0000
22474,"Taylors Lakes",3038,Sydenham,0.7632
22474,"Taylors Lakes",3038,Niddrie,0.2368
22475,"Teal Point",3579,"Murray Plains",1.0000
22476,Tecoma,3160,Monbulk,1.0000
22477,Teddywaddy,3527,Mildura,1.0000
22478,"Teddywaddy West",3527,Mildura,1.0000
22479,Teesdale,3328,Eureka,1.0000
22480,"Telangatuk East",3401,Lowan,1.0000
22481,Telford,3730,"Ovens Valley",1.0000
22482,"Telopea Downs",3420,Lowan,1.0000
22483,Templestowe,3106,Bulleen,0.9913
22484,"Templestowe Lower",3107,Bulleen,1.0000
22485,Tempy,3489,Mildura,1.0000
22486,"Tenby Point",3984,Bass,1.0000
22487,Tennyson,3572,"Murray Plains",1.0000
22488,Terang,3264,"South-West Coast",1.0000
22489,"Terip Terip",3719,Eildon,1.0000
22490,Terrappee,3525,"Murray Plains",1.0000
22491,"Terrick Terrick",3575,"Murray Plains",1.0000
22492,"Terrick Terrick East",3573,"Murray Plains",1.0000
22493,Tesbury,3260,Polwarth,1.0000
22494,"Tetoora Road",3821,Narracan,1.0000
22495,Thalia,3527,Mildura,1.0000
22496,"The Basin",3154,Bayswater,0.5147
22496,"The Basin",3154,Monbulk,0.4853
22497,"The Cove",3268,"South-West Coast",1.0000
22498,"The Gurdies",3984,Bass,1.0000
22499,"The Heart",3851,"Gippsland South",1.0000
22500,"The Honeysuckles",3851,"Gippsland South",1.0000
22501,"The Patch",3792,Monbulk,1.0000
22502,"The Sisters",3265,Lowan,1.0000
22503,Thologolong,3691,Benambra,1.0000
22504,Thomastown,3074,Thomastown,1.0000
22505,"Thomson (Baw Baw)",3825,Narracan,1.0000
22506,"Thomson (Greater Geelong)",3219,Geelong,1.0000
22507,Thoona,3726,Euroa,1.0000
22508,Thornbury,3071,Northcote,1.0000
22509,"Thornhill Park",3335,Melton,0.9957
22510,Thornton,3712,Eildon,1.0000
22511,Thorpdale,3835,Narracan,1.0000
22512,"Thorpdale South",3824,Narracan,1.0000
22513,"Thowgla Valley",3707,Benambra,1.0000
22514,"Three Bridges",3797,Eildon,1.0000
22515,Timbarra,3893,"Gippsland East",1.0000
22516,Timboon,3268,Polwarth,1.0000
22517,"Timboon West",3268,Polwarth,1.0000
22518,Timmering,3561,"Murray Plains",1.0000
22519,Timor,3465,Ripon,1.0000
22520,"Timor West",3465,Ripon,1.0000
22521,Tinamba,3859,"Gippsland East",1.0000
22522,"Tinamba West",3859,"Gippsland East",1.0000
22523,Tintaldra,3708,Benambra,1.0000
22524,Tittybong,3542,"Murray Plains",1.0000
22525,"Tol Tol",3549,Mildura,1.0000
22526,Tolmie,3723,Eildon,0.9265
22526,Tolmie,3723,"Ovens Valley",0.0735
22527,"Tom Groggin",3707,Benambra,1.0000
22528,Tongala,3621,"Murray Plains",1.0000
22529,"Tonghi Creek",3890,"Gippsland East",1.0000
22530,Tongio,3896,"Gippsland East",1.0000
22531,Tonimbuk,3815,Narracan,1.0000
22532,Tooan,3409,Lowan,1.0000
22533,Tooborac,3522,Euroa,1.0000
22534,Toolamba,3614,Shepparton,0.6767
22534,Toolamba,3614,Euroa,0.3233
22535,"Toolamba West",3614,Shepparton,1.0000
22536,Toolangi,3777,Eildon,1.0000
22537,"Toolern Vale",3337,Melton,1.0000
22538,Toolleen,3551,Euroa,1.0000
22539,Toolome,3860,"Gippsland East",1.0000
22540,Toolondo,3401,Lowan,1.0000
22541,Toolong,3285,"South-West Coast",1.0000
22542,Toombon,3825,Narracan,1.0000
22543,Toongabbie,3856,"Gippsland South",1.0000
22544,Toora,3962,"Gippsland South",1.0000
22545,"Toora North",3962,"Gippsland South",1.0000
22546,Tooradin,3980,Bass,1.0000
22547,Toorak,3142,Malvern,1.0000
22548,"Toorloo Arm",3909,"Gippsland East",1.0000
22549,Toorongo,3833,Narracan,0.5068
22549,Toorongo,3833,Eildon,0.4932
22550,Tootgarook,3941,Nepean,1.0000
22551,Torquay,3228,Polwarth,1.0000
22552,Torrita,3490,Mildura,1.0000
22553,Torrumbarry,3562,"Murray Plains",1.0000
22554,Torwood,3821,Narracan,1.0000
22555,Tostaree,3888,"Gippsland East",1.0000
22556,Tottenham,3012,Laverton,1.0000
22557,Tottington,3477,Ripon,1.0000
22558,Tourello,3363,Ripon,1.0000
22559,Towan,3596,Mildura,1.0000
22560,Towaninny,3527,Mildura,1.0000
22561,"Towaninny South",3527,Mildura,1.0000
22562,"Tower Hill",3283,"South-West Coast",1.0000
22563,Towong,3707,Benambra,1.0000
22564,"Towong Upper",3707,Benambra,1.0000
22565,Trafalgar,3824,Narracan,1.0000
22566,"Trafalgar East",3824,Narracan,1.0000
22567,"Trafalgar South",3824,Narracan,1.0000
22568,Tragowel,3579,"Murray Plains",1.0000
22569,Traralgon,3844,Morwell,1.0000
22570,"Traralgon East",3844,Morwell,1.0000
22571,"Traralgon South",3844,Morwell,1.0000
22572,Travancore,3032,Essendon,1.0000
22573,Trawalla,3373,Ripon,1.0000
22574,Trawool,3660,Euroa,1.0000
22575,"Traynors Lagoon",3477,Ripon,1.0000
22576,Tremont,3785,Monbulk,1.0000
22577,Trentham,3458,Macedon,1.0000
22578,"Trentham East",3458,Macedon,1.0000
22579,Tresco,3583,"Murray Plains",1.0000
22580,"Tresco West",3584,"Murray Plains",1.0000
22581,Trida,3953,"Gippsland South",0.8690
22581,Trida,3953,Narracan,0.1310
22582,Truganina,3029,Laverton,0.9679
22582,Truganina,3029,Kororoit,0.0321
22583,Tubbut,3888,"Gippsland East",1.0000
22584,Tuerong,3915,Mornington,1.0000
22585,Tulkara,3384,Ripon,1.0000
22586,Tullamarine,3043,Sunbury,0.9790
22586,Tullamarine,3043,Niddrie,0.0210
22587,Tungamah,3728,"Ovens Valley",1.0000
22588,Turoar,3546,Mildura,1.0000
22589,Turriff,3488,Mildura,1.0000
22590,"Turriff East",3488,Mildura,1.0000
22591,"Turtons Creek",3960,"Gippsland South",1.0000
22592,Tutye,3490,Mildura,1.0000
22593,Tyaak,3658,Euroa,1.0000
22594,Tyabb,3913,Hastings,1.0000
22595,Tyenna,3533,Mildura,1.0000
22596,Tyers,3844,Morwell,1.0000
22597,Tylden,3444,Macedon,1.0000
22598,Tynong,3813,Narracan,1.0000
22599,"Tynong North",3813,Narracan,1.0000
22600,Tyntynder,3586,"Murray Plains",1.0000
22601,"Tyntynder South",3586,"Murray Plains",1.0000
22602,Tyrendarra,3285,"South-West Coast",1.0000
22603,"Tyrendarra East",3285,"South-West Coast",1.0000
22604,Tyrrell,3533,Mildura,1.0000
22605,"Tyrrell Downs",3533,Mildura,1.0000
22606,Ullina,3370,Ripon,1.0000
22607,Ullswater,3318,Lowan,1.0000
22608,Ultima,3544,"Murray Plains",1.0000
22609,"Ultima East",3544,"Murray Plains",1.0000
22610,Ulupna,3641,Shepparton,1.0000
22611,Undera,3629,"Murray Plains",1.0000
22612,Underbool,3509,Mildura,1.0000
22613,Upotipotpon,3669,Euroa,1.0000
22614,"Upper Ferntree Gully",3156,Monbulk,1.0000
22615,"Upper Gundowring",3691,"Ovens Valley",1.0000
22616,"Upper Lurg",3673,Euroa,1.0000
22617,"Upper Plenty",3756,"Yan Yean",1.0000
22618,"Upper Ryans Creek",3673,Euroa,1.0000
22619,"Upton Hill",3664,Euroa,1.0000
22620,Upwey,3158,Monbulk,1.0000
22621,"Valencia Creek",3860,"Gippsland East",1.0000
22622,Vasey,3407,Lowan,1.0000
22623,Vaughan,3451,Macedon,1.0000
22624,Vectis,3401,Lowan,1.0000
22625,Ventnor,3922,Bass,1.0000
22626,"Venus Bay",3956,"Gippsland South",1.0000
22627,Vermont,3133,"Glen Waverley",0.7598
22627,Vermont,3133,Ringwood,0.2402
22628,"Vermont South",3133,"Glen Waverley",1.0000
22629,Vervale,3814,Narracan,1.0000
22630,Vesper,3833,Narracan,1.0000
22631,"Victoria Point",3294,Lowan,1.0000
22632,"Victoria Valley",3294,Lowan,1.0000
22633,Viewbank,3084,Ivanhoe,1.0000
22634,Vinifera,3591,"Murray Plains",1.0000
22635,"Violet Town",3669,Euroa,1.0000
22636,"Vite Vite",3325,Polwarth,1.0000
22637,"Vite Vite North",3325,Polwarth,1.0000
22638,"W Tree",3885,"Gippsland East",1.0000
22639,Waaia,3637,Shepparton,1.0000
22640,Waanyarra,3551,Ripon,1.0000
22641,Waarre,3269,Polwarth,1.0000
22642,Wabonga,3678,"Ovens Valley",1.0000
22643,Waggarandall,3646,"Ovens Valley",1.0000
22644,Wahgunyah,3687,Benambra,1.0000
22645,Wahring,3608,Euroa,1.0000
22646,Wail,3401,Lowan,1.0000
22647,Wairewa,3887,"Gippsland East",1.0000
22648,Waitchie,3544,"Murray Plains",1.0000
22649,"Wal Wal",3385,Lowan,1.0000
22650,Waldara,3678,"Ovens Valley",1.0000
22651,Walhalla,3825,Narracan,1.0000
22652,"Walhalla East",3825,"Gippsland East",1.0000
22653,Walkerville,3956,"Gippsland South",1.0000
22654,"Walkerville North",3956,"Gippsland South",1.0000
22655,"Walkerville South",3956,"Gippsland South",1.0000
22656,Wallace,3352,Eureka,1.0000
22657,Wallacedale,3303,"South-West Coast",1.0000
22658,Wallagaraugh,3891,"Gippsland East",1.0000
22659,Wallaloo,3387,Ripon,1.0000
22660,"Wallaloo East",3387,Ripon,1.0000
22661,Wallan,3756,Kalkallo,0.8185
22661,Wallan,3756,"Yan Yean",0.1815
22662,Wallinduc,3351,Eureka,1.0000
22663,Wallington,3222,Bellarine,1.0000
22664,Wallup,3401,Lowan,1.0000
22665,Walmer,3463,"Bendigo West",1.0000
22666,Walpa,3875,"Gippsland East",1.0000
22667,Walpeup,3507,Mildura,1.0000
22668,Walwa,3709,Benambra,1.0000
22669,"Wandana Heights",3216,"South Barwon",1.0000
22670,Wandella,3579,"Murray Plains",1.0000
22671,Wandiligong,3744,"Ovens Valley",1.0000
22672,"Wandin East",3139,Monbulk,1.0000
22673,"Wandin North",3139,Evelyn,1.0000
22674,"Wando Bridge",3312,Lowan,1.0000
22675,"Wando Vale",3312,Lowan,1.0000
22676,Wandong,3758,"Yan Yean",0.7102
22676,Wandong,3758,Euroa,0.2898
22677,Wandown,3549,Mildura,1.0000
22678,Wangandary,3678,"Ovens Valley",1.0000
22679,Wangarabell,3891,"Gippsland East",1.0000
22680,Wangaratta,3677,"Ovens Valley",1.0000
22681,"Wangaratta South",3678,"Ovens Valley",1.0000
22682,Wangie,3530,Mildura,1.0000
22683,Wangoom,3279,"South-West Coast",1.0000
22684,Wannon,3301,Lowan,1.0000
22685,Wantirna,3152,Bayswater,1.0000
22686,"Wantirna South",3152,Rowville,0.8139
22686,"Wantirna South",3152,Bayswater,0.1861
22687,"Waranga Shores",3612,Euroa,1.0000
22688,"Waratah Bay",3959,"Gippsland South",1.0000
22689,Warburton,3799,Eildon,1.0000
22690,Wareek,3465,Ripon,1.0000
22691,Wargan,3505,Mildura,1.0000
22692,Warmur,3482,Mildura,1.0000
22693,Warncoort,3243,Polwarth,1.0000
22694,Warne,3530,Mildura,1.0000
22695,Warneet,3980,Bass,1.0000
22696,Warrabkook,3286,"South-West Coast",1.0000
22697,Warracknabeal,3393,Lowan,1.0000
22698,Warragul,3820,Narracan,1.0000
22699,"Warragul South",3821,Narracan,1.0000
22700,"Warragul West",3821,Narracan,1.0000
22701,Warrak,3377,Ripon,1.0000
22702,Warrandyte,3113,Warrandyte,1.0000
22703,"Warrandyte South",3134,Warrandyte,1.0000
22704,Warranwood,3134,Warrandyte,1.0000
22705,Warrayure,3301,Lowan,1.0000
22706,Warrenbayne,3670,Euroa,1.0000
22707,Warrenheip,3352,Eureka,1.0000
22708,Warrenmang,3478,Ripon,1.0000
22709,Warrion,3249,Polwarth,1.0000
22710,Warrnambool,3280,"South-West Coast",1.0000
22711,Warrock,3312,Lowan,1.0000
22712,Warrong,3283,"South-West Coast",1.0000
22713,Wartook,3401,Lowan,1.0000
22714,Watchem,3482,Mildura,1.0000
22715,"Watchem West","3393 3482",Mildura,0.5313
22715,"Watchem West","3393 3482",Lowan,0.4688
22716,Watchupga,3485,Mildura,1.0000
22717,"Waterford Park",3658,Euroa,1.0000
22718,Waterholes,3875,"Gippsland East",1.0000
22719,Waterloo,3373,Ripon,1.0000
22720,Waterways,3195,Mordialloc,1.0000
22721,Watsonia,3087,Bundoora,1.0000
22722,"Watsonia North",3087,Bundoora,1.0000
22723,"Watsons Creek",3097,Eildon,1.0000
22724,"Wattle Bank",3995,Bass,1.0000
22725,"Wattle Creek",3384,Ripon,1.0000
22726,"Wattle Flat",3352,Ripon,0.6337
22726,"Wattle Flat",3352,Eureka,0.3663
22727,"Wattle Glen",3096,Eltham,1.0000
22728,"Wattle Hill",3237,Polwarth,1.0000
22729,Waubra,3352,Ripon,1.0000
22730,"Waurn Ponds",3216,"South Barwon",1.0000
22731,Waygara,3888,"Gippsland East",1.0000
22732,Weatherboard,3352,Ripon,1.0000
22733,Wedderburn,3518,Ripon,1.0000
22734,"Wedderburn Junction",3518,Ripon,1.0000
22735,"Wee Wee Rup",3568,"Murray Plains",1.0000
22736,Weeaproinah,3237,Polwarth,1.0000
22737,Weering,3251,Polwarth,1.0000
22738,Weerite,3260,Polwarth,1.0000
22739,Wehla,3518,Ripon,1.0000
22740,"Weir Views",3338,Melton,1.0000
22741,Wellsford,3551,"Bendigo East",1.0000
22742,"Welshmans Reef",3462,"Bendigo West",1.0000
22743,Welshpool,3966,"Gippsland South",1.0000
22744,Wemen,3549,Mildura,1.0000
22745,Wendouree,3355,Wendouree,1.0000
22746,Wensleydale,3241,Polwarth,1.0000
22747,Wentworth,3875,"Gippsland East",1.0000
22748,Werneth,3352,Eureka,0.6308
22748,Werneth,3352,Polwarth,0.3692
22749,Werona,3364,"Bendigo West",0.7949
22749,Werona,3364,Ripon,0.2051
22750,Werribee,3030,Werribee,1.0000
22751,"Werribee South",3030,"Point Cook",1.0000
22752,Werrimull,3496,Mildura,1.0000
22753,Wesburn,3799,Eildon,1.0000
22754,"West Bendigo",3550,"Bendigo West",1.0000
22755,"West Creek",3992,Bass,1.0000
22756,"West Footscray",3012,Footscray,1.0000
22757,"West Melbourne",3003,Melbourne,1.0000
22758,"West Wodonga",3690,Benambra,1.0000
22759,Westbury,3825,Narracan,1.0000
22760,Westby,3579,"Murray Plains",1.0000
22761,Westmeadows,3049,Greenvale,0.6078
22761,Westmeadows,3049,Sunbury,0.3922
22762,Westmere,3351,Lowan,1.0000
22763,Whanregarwen,3714,Eildon,1.0000
22764,Wharparilla,3564,"Murray Plains",1.0000
22765,Wheatsheaf,3461,Macedon,1.0000
22766,"Wheelers Hill",3150,Mulgrave,0.6910
22766,"Wheelers Hill",3150,"Glen Waverley",0.3090
22767,Whipstick,3556,"Bendigo East",1.0000
22768,Whirily,3483,Mildura,1.0000
22769,"White Hills",3550,"Bendigo East",1.0000
22770,"Whiteheads Creek",3660,Euroa,1.0000
22771,Whitelaw,3950,"Gippsland South",1.0000
22772,Whitfield,3733,"Ovens Valley",1.0000
22773,Whitlands,3678,"Ovens Valley",1.0000
22774,Whittington,3219,Geelong,1.0000
22775,Whittlesea,3757,"Yan Yean",1.0000
22776,Whoorel,3243,Polwarth,1.0000
22777,Whorouly,3735,"Ovens Valley",1.0000
22778,"Whorouly East",3735,"Ovens Valley",1.0000
22779,"Whorouly South",3735,"Ovens Valley",1.0000
22780,Whroo,3612,Euroa,1.0000
22781,Wickliffe,3379,Lowan,1.0000
22782,Wilby,3728,"Ovens Valley",1.0000
22783,"Wild Dog Valley",3953,"Gippsland South",1.0000
22784,Wildwood,3429,Sunbury,1.0000
22785,Wilkur,3393,Mildura,1.0000
22786,Willangie,3485,Mildura,1.0000
22787,Willatook,3283,"South-West Coast",1.0000
22788,Willaura,3379,Lowan,1.0000
22789,"Willaura North",3379,Lowan,1.0000
22790,Willenabrina,3393,Lowan,1.0000
22791,"Williams Landing",3027,Laverton,1.0000
22792,Williamstown,3016,Williamstown,1.0000
22793,"Williamstown North",3016,Williamstown,1.0000
22794,"Willow Grove",3825,Narracan,1.0000
22795,Willowmavin,3764,Euroa,1.0000
22796,Willowvale,3360,Eureka,1.0000
22797,Willung,3847,"Gippsland South",1.0000
22798,"Willung South",3847,"Gippsland South",1.0000
22799,"Wilsons Hill",3515,"Bendigo West",1.0000
22800,"Wilsons Promontory",3960,"Gippsland South",1.0000
22801,"Wimbledon Heights",3922,Bass,1.0000
22802,Winchelsea,3241,Polwarth,1.0000
22803,"Winchelsea South",3241,Polwarth,1.0000
22804,Windermere,3352,Ripon,1.0000
22805,Windsor,3181,Prahran,1.0000
22806,"Wingan River",3891,"Gippsland East",1.0000
22807,Wingeel,3321,Polwarth,0.6667
22807,Wingeel,3321,Eureka,0.3333
22808,Winjallok,3477,Ripon,1.0000
22809,Winlaton,3585,"Murray Plains",1.0000
22810,Winnambool,3546,Mildura,1.0000
22811,Winnap,3304,"South-West Coast",1.0000
22812,Winnindoo,3858,"Gippsland South",1.0000
22813,Winslow,3281,"South-West Coast",1.0000
22814,"Winter Valley",3358,Wendouree,1.0000
22815,Winton,3673,Euroa,1.0000
22816,"Winton North",3673,Euroa,1.0000
22817,Wirrate,3608,Euroa,1.0000
22818,Wiseleigh,3885,"Gippsland East",1.0000
22819,Wodonga,3690,Benambra,1.0000
22820,Wollert,3750,Thomastown,0.7632
22820,Wollert,3750,"Mill Park",0.2360
22821,"Wombat Creek",3888,"Gippsland East",1.0000
22822,Wombelano,3409,Lowan,1.0000
22823,"Won Wron",3971,"Gippsland South",1.0000
22824,Wonga,3960,"Gippsland South",1.0000
22825,"Wonga Park",3115,Warrandyte,0.9197
22825,"Wonga Park",3115,Croydon,0.0803
22826,Wongarra,3234,Polwarth,1.0000
22827,Wongungarra,3862,"Gippsland East",0.6331
22827,Wongungarra,3862,"Ovens Valley",0.3669
22828,Wonnangatta,3737,"Ovens Valley",1.0000
22829,Wonthaggi,3995,Bass,1.0000
22830,Wonwondah,3401,Lowan,1.0000
22831,Wonyip,3962,"Gippsland South",1.0000
22832,"Wood Wood",3596,"Murray Plains",1.0000
22833,Woodend,3442,Macedon,1.0000
22834,"Woodend North",3442,Macedon,1.0000
22835,Woodfield,3715,Eildon,1.0000
22836,Woodford,3281,"South-West Coast",1.0000
22837,Woodglen,3875,"Gippsland East",1.0000
22838,Woodhouse,3294,Lowan,1.0000
22839,Woodleigh,3945,Bass,1.0000
22840,"Woods Point",3723,Eildon,1.0000
22841,Woodside,3874,"Gippsland South",1.0000
22842,"Woodside Beach",3874,"Gippsland South",1.0000
22843,Woodstock,3751,"Yan Yean",1.0000
22844,"Woodstock On Loddon",3551,Ripon,1.0000
22845,"Woodstock West",3463,Ripon,1.0000
22846,Woodvale,3556,"Bendigo East",0.7194
22846,Woodvale,3556,"Bendigo West",0.2806
22847,"Wool Wool",3249,Polwarth,1.0000
22848,Woolamai,3995,Bass,1.0000
22849,Woolenook,3860,"Gippsland East",1.0000
22850,"Woolshed Flat",3518,Ripon,1.0000
22851,Woolsthorpe,3276,"South-West Coast",1.0000
22852,Woomelang,3485,Mildura,1.0000
22853,Wooragee,3747,Benambra,1.0000
22854,"Woorarra East",3962,"Gippsland South",1.0000
22855,"Woorarra West",3960,"Gippsland South",1.0000
22856,Wooreen,3953,"Gippsland South",1.0000
22857,"Woori Yallock",3139,Eildon,1.0000
22858,Woorinen,3589,"Murray Plains",1.0000
22859,"Woorinen North",3589,"Murray Plains",1.0000
22860,"Woorinen South",3588,"Murray Plains",1.0000
22861,Woorndoo,3272,Lowan,1.0000
22862,Wooroonook,3525,Mildura,1.0000
22863,Woosang,3518,Ripon,1.0000
22864,"Wootong Vale",3315,Lowan,1.0000
22865,Worrowing,3858,"Gippsland East",1.0000
22866,Wrathung,3860,"Gippsland East",1.0000
22867,Wrixon,3860,"Gippsland East",1.0000
22868,Wroxham,3891,"Gippsland East",1.0000
22869,"Wuk Wuk",3875,"Gippsland East",1.0000
22870,Wulgulmerang,3885,"Gippsland East",1.0000
22871,"Wulgulmerang East",3885,"Gippsland East",1.0000
22872,"Wulgulmerang West",3885,"Gippsland East",1.0000
22873,Wunghnu,3635,Shepparton,1.0000
22874,Wurdiboluc,3241,Polwarth,1.0000
22875,Wurruk,3850,"Gippsland South",1.0000
22876,"Wy Yung",3875,"Gippsland East",1.0000
22877,Wycheproof,3527,Mildura,1.0000
22878,"Wycheproof South",3527,Mildura,1.0000
22879,Wychitella,3525,Ripon,1.0000
22880,"Wychitella North",3525,"Murray Plains",1.0000
22881,"Wye River",3234,Polwarth,1.0000
22882,Wyelangta,3237,Polwarth,1.0000
22883,"Wyndham Vale",3024,Werribee,1.0000
22884,Wyuna,3620,"Murray Plains",1.0000
22885,"Wyuna East",3620,"Murray Plains",1.0000
22886,Yaapeet,3424,Mildura,1.0000
22887,"Yabba North",3646,"Ovens Valley",1.0000
22888,"Yabba South",3646,"Ovens Valley",1.0000
22889,Yackandandah,3749,Benambra,1.0000
22890,Yalca,3637,Shepparton,1.0000
22891,Yalla-Y-Poora,3378,Ripon,1.0000
22892,Yallambie,3085,Ivanhoe,0.7386
22892,Yallambie,3085,Bundoora,0.2614
22893,Yallourn,3825,Morwell,1.0000
22894,"Yallourn North",3825,Morwell,0.9782
22894,"Yallourn North",3825,Narracan,0.0218
22895,Yalmy,3885,"Gippsland East",1.0000
22896,Yambuk,3285,"South-West Coast",1.0000
22897,Yambuna,3621,"Murray Plains",1.0000
22898,"Yan Yean",3755,"Yan Yean",1.0000
22899,Yanac,3418,Lowan,1.0000
22900,Yanakie,3960,"Gippsland South",1.0000
22901,Yando,3537,"Murray Plains",1.0000
22902,Yandoit,3461,Macedon,1.0000
22903,"Yandoit Hills",3461,"Bendigo West",1.0000
22904,Yangery,3283,"South-West Coast",1.0000
22905,Yangoura,3858,"Gippsland East",1.0000
22906,Yannathan,3981,Bass,1.0000
22907,Yapeen,3451,"Bendigo West",1.0000
22908,Yarck,3719,Eildon,1.0000
22909,Yarpturk,3283,"South-West Coast",1.0000
22910,"Yarra Glen",3775,Eildon,1.0000
22911,"Yarra Junction",3797,Eildon,1.0000
22912,Yarraberb,3516,Ripon,1.0000
22913,Yarragon,3823,Narracan,1.0000
22914,"Yarragon South",3823,Narracan,1.0000
22915,Yarram,3971,"Gippsland South",1.0000
22916,Yarrambat,3091,"Yan Yean",1.0000
22917,Yarraville,3013,Footscray,0.8140
22917,Yarraville,3013,Williamstown,0.1860
22918,Yarrawalla,3575,"Murray Plains",1.0000
22919,Yarrawonga,3730,"Ovens Valley",1.0000
22920,"Yarrawonga South",3730,"Ovens Valley",1.0000
22921,Yarroweyah,3644,"Ovens Valley",1.0000
22922,Yatchaw,3301,Lowan,1.0000
22923,"Yawong Hills",3478,Mildura,1.0000
22924,Yea,3717,Eildon,1.0000
22925,Yellingbo,3139,Eildon,0.8434
22925,Yellingbo,3139,Monbulk,0.1566
22926,Yelta,3505,Mildura,1.0000
22927,Yendon,3352,Eureka,1.0000
22928,Yeo,3249,Polwarth,1.0000
22929,Yeodene,3249,Polwarth,1.0000
22930,Yering,3770,Evelyn,1.0000
22931,Yeungroon,3525,Mildura,1.0000
22932,"Yeungroon East",3525,Mildura,1.0000
22933,Yielima,3638,Shepparton,1.0000
22934,Yinnar,3869,"Gippsland South",1.0000
22935,"Yinnar South",3869,"Gippsland South",1.0000
22936,"York Plains",3477,Ripon,1.0000
22937,Youanmite,3646,"Ovens Valley",1.0000
22938,Youarang,3728,"Ovens Valley",1.0000
22939,Yulecart,3301,Lowan,1.0000
22940,Yundool,3727,"Ovens Valley",1.0000
22941,Yuroke,3063,Kalkallo,1.0000
22942,Yuulong,3237,Polwarth,1.0000
22943,Zeerust,3634,Shepparton,1.0000
22944,Zumsteins,3401,Lowan,1.0000
